county,ded,townland_or_street,townland_to_map_url,townland_to_map
Antrim,Ardclinis,Aghalum,http://www.townlands.ie/antrim/glenarm-lower/ardclinis/aghalum,Aghalum
Antrim,Ardclinis,Ballyvelligan,http://www.townlands.ie/antrim/glenarm-lower/ardclinis/ballyvelligan,Ballyvelligan
Antrim,Ardclinis,Carnlough_North,http://www.townlands.ie/antrim/glenarm-lower/ardclinis/carnlough-north,Carnlough_North
Antrim,Ardclinis,Carnlough_Village_Carnlough_North,http://www.townlands.ie/antrim/glenarm-lower/ardclinis/carnlough-north,Carnlough_North
Antrim,Ardclinis,Carnlough_Village_Quay_Carnlough_North,http://www.townlands.ie/antrim/glenarm-lower/ardclinis/carnlough-north,Carnlough_North
Antrim,Ardclinis,Carnlough_Village_Croft_Road,http://www.townlands.ie/antrim/glenarm-lower/ardclinis/carnlough-north,Carnlough_North
Antrim,Ardclinis,Carnlough_Village_Harbour,http://www.townlands.ie/antrim/glenarm-lower/ardclinis/carnlough-north,Carnlough_North
Antrim,Ardclinis,Carnlough_Village_Largy_Road,http://www.townlands.ie/antrim/glenarm-lower/ardclinis/carnlough-north,Carnlough_North
Antrim,Ardclinis,Carnlough_South,http://www.townlands.ie/antrim/glenarm-lower/ardclinis/carnlough-south,Carnlough_South
Antrim,Ardclinis,Carnlough_Village_Carnlough_South,http://www.townlands.ie/antrim/glenarm-lower/ardclinis/carnlough-south,Carnlough_South
Antrim,Ardclinis,Carnlough_Village_Harbour_Road,http://www.townlands.ie/antrim/glenarm-lower/ardclinis/carnlough-south,Carnlough_South
Antrim,Ardclinis,Carnlough_Village_Havelock_Place,http://www.townlands.ie/antrim/glenarm-lower/ardclinis/carnlough-south,Carnlough_South
Antrim,Ardclinis,Carnlough_Village_Herbert_Street,http://www.townlands.ie/antrim/glenarm-lower/ardclinis/carnlough-south,Carnlough_South
Antrim,Ardclinis,Carnlough_Village_High_Street,http://www.townlands.ie/antrim/glenarm-lower/ardclinis/carnlough-south,Carnlough_South
Antrim,Ardclinis,Carnlough_Village_Waterfall_Road,http://www.townlands.ie/antrim/glenarm-lower/ardclinis/carnlough-south,Carnlough_South
Antrim,Ardclinis,Carrivereagh,http://www.townlands.ie/antrim/glenarm-lower/ardclinis/carrivereagh,Carrivereagh
Antrim,Ardclinis,Cloghcor,http://www.townlands.ie/antrim/glenarm-lower/ardclinis/cloghcor,Cloghcor
Antrim,Ardclinis,Galbally_Upper,http://www.townlands.ie/antrim/glenarm-lower/ardclinis/galboly-upper,Galbally_Upper
Antrim,Ardclinis,John_Gilans,http://www.townlands.ie/antrim/glenarm-lower/ardclinis/galboly-upper,Galbally_Upper
Antrim,Ardclinis,Gortnagory,http://www.townlands.ie/antrim/glenarm-lower/ardclinis/gortnagory,Gortnagory
Antrim,Ardclinis,Highlandtown,http://www.townlands.ie/antrim/glenarm-lower/ardclinis/highlandtown,Highlandtown
Antrim,Ardclinis,Scarryhill,http://www.townlands.ie/antrim/glenarm-lower/ardclinis/scaryhill,Scarryhill
Antrim,Ardclinis,Tamlaght,http://www.townlands.ie/antrim/glenarm-lower/ardclinis/tamlaght,Tamlaght
Antrim,Ardclinis,Warren,http://www.townlands.ie/antrim/glenarm-lower/ardclinis/warren,Warren
Antrim,Ballyclug,Ballycreggy,http://www.townlands.ie/antrim/antrim-lower/ballyclug/ballycreggy,Ballycreggy
Antrim,Ballyclug,Caherty,http://www.townlands.ie/antrim/antrim-lower/ballyclug/caherty,Caherty
Antrim,Broughshane,Aghnadore,http://www.townlands.ie/antrim/antrim-lower/racavan/aghnadore,Aghnadore
Antrim,Broughshane,Broughshane_Lower,http://www.townlands.ie/antrim/antrim-lower/racavan/broughshane-lower,Broughshane_Lower
Antrim,Broughshane,Broughshane_Upper,http://www.townlands.ie/antrim/antrim-lower/racavan/broughshane-upper,Broughshane_Upper
Antrim,Broughshane,Broughshane_Village_Broughshane_Upper,http://www.townlands.ie/antrim/antrim-lower/racavan/broughshane-upper,Broughshane_Upper
Antrim,Broughshane,Broughshane_Village,http://www.townlands.ie/antrim/antrim-lower/racavan/broughshane-upper,Broughshane_Upper
Antrim,Broughshane,Correen,http://www.townlands.ie/antrim/antrim-lower/skerry/correen,Correen
Antrim,Broughshane,Creevamoy,http://www.townlands.ie/antrim/antrim-lower/racavan/creevamoy,Creevamoy
Antrim,Broughshane,Drumleckney,http://www.townlands.ie/antrim/antrim-lower/racavan/drumleckney1,Drumleckney
Antrim,Broughshane,Lisnahilt,http://www.townlands.ie/antrim/antrim-lower/racavan/lisnahilt,Lisnahilt
Antrim,Broughshane,Lisnamurrikin,http://www.townlands.ie/antrim/antrim-lower/racavan/lisnamurrikin,Lisnamurrikin
Antrim,Broughshane,Pollee,http://www.townlands.ie/antrim/antrim-lower/skerry/pollee,Pollee
Antrim,Carncastle,Ballycoos,http://www.townlands.ie/antrim/glenarm-upper/carncastle/ballycoos,Ballycoos
Antrim,Carncastle,Ballygalley,http://www.townlands.ie/antrim/glenarm-upper/carncastle/ballygalley,Ballygalley
Antrim,Carncastle,Ballygawn,http://www.townlands.ie/antrim/glenarm-upper/carncastle/ballygawn,Ballygawn
Antrim,Carncastle,Ballyhackett,http://www.townlands.ie/antrim/glenarm-upper/carncastle/ballyhackett,Ballyhackett
Antrim,Carncastle,Ballywillin,http://www.townlands.ie/antrim/glenarm-upper/carncastle/ballywillin,Ballywillin
Antrim,Carncastle,Corkermain,http://www.townlands.ie/antrim/glenarm-upper/carncastle/corkermain,Corkermain
Antrim,Carncastle,Drains_Bog,http://www.townlands.ie/antrim/glenarm-upper/carncastle/drains-bog,Drains_Bog
Antrim,Carncastle,Four_Score_Acre,http://www.townlands.ie/antrim/glenarm-upper/carncastle/four-score-acre,Four_Score_Acre
Antrim,Carncastle,Lisnahay_North,http://www.townlands.ie/antrim/glenarm-upper/carncastle/lisnahay-north,Lisnahay_North
Antrim,Carncastle,Lisnahay_South,http://www.townlands.ie/antrim/glenarm-upper/carncastle/lisnahay-south,Lisnahay_South
Antrim,Carncastle,Minnis_North_Carncastle,http://www.townlands.ie/antrim/glenarm-upper/carncastle/minnis-north,Minnis_North_Carncastle
Antrim,Carncastle,Minnis_North_Tickmacrevan,http://www.townlands.ie/antrim/glenarm-lower/tickmacrevan/minnis-north,Minnis_North_Tickmacrevan
Antrim,Carncastle,Minnis_South,http://www.townlands.ie/antrim/glenarm-upper/carncastle/minnis-south,Minnis_South
Antrim,Glenarm,Ault,http://www.townlands.ie/antrim/glenarm-lower/tickmacrevan/ault,Ault
Antrim,Glenarm,Deer_Park_Farms,http://www.townlands.ie/antrim/glenarm-lower/tickmacrevan/deer-park-farms,Deer_Park_Farms
Antrim,Glenarm,Deer_Park_Great,http://www.townlands.ie/antrim/glenarm-lower/tickmacrevan/great-deer-park,Deer_Park_Great
Antrim,Glenarm,Deer_Park_Little,http://www.townlands.ie/antrim/glenarm-lower/tickmacrevan/little-deer-park,Deer_Park_Little
Antrim,Glenarm,Dunarragan,http://www.townlands.ie/antrim/glenarm-lower/tickmacrevan/dunarragan,Dunarragan
Antrim,Glenarm,Glenarm_Village_Altmore_Street,http://www.townlands.ie/antrim/glenarm-lower/tickmacrevan/town-parks,Town_Parks
Antrim,Glenarm,Glenarm_Village_Castle_Street,http://www.townlands.ie/antrim/glenarm-lower/tickmacrevan/town-parks,Town_Parks
Antrim,Glenarm,Glenarm_Village_Mark_Street,http://www.townlands.ie/antrim/glenarm-lower/tickmacrevan/town-parks,Town_Parks
Antrim,Glenarm,Glenarm_Village_Toberwine_Street,http://www.townlands.ie/antrim/glenarm-lower/tickmacrevan/town-parks,Town_Parks
Antrim,Glenarm,Glenarm_Village_Vennel_Street,http://www.townlands.ie/antrim/glenarm-lower/tickmacrevan/town-parks,Town_Parks
Antrim,Glenarm,Glenarm_Village_Harbour,http://www.townlands.ie/antrim/glenarm-lower/tickmacrevan/town-parks,Town_Parks
Antrim,Glenarm,Town_Parks,http://www.townlands.ie/antrim/glenarm-lower/tickmacrevan/town-parks,Town_Parks
Antrim,Glenarm,Old_Church,http://www.townlands.ie/antrim/glenarm-lower/tickmacrevan/old-church,Old_Church
Antrim,Glenarm,Owencloghy,http://www.townlands.ie/antrim/glenarm-lower/tickmacrevan/owencloughy,Owencloghy
Antrim,Glencloy,Aughareamlagh,http://www.townlands.ie/antrim/glenarm-lower/tickmacrevan/aughareamlagh,Aughareamlagh
Antrim,Glencloy,Ballyvaddy,http://www.townlands.ie/antrim/glenarm-lower/tickmacrevan/ballyvaddy,Ballyvaddy
Antrim,Glencloy,Carnlough_Village_Harphall,http://www.townlands.ie/antrim/glenarm-lower/tickmacrevan/harphall,Harphall
Antrim,Glencloy,Harphall,http://www.townlands.ie/antrim/glenarm-lower/tickmacrevan/harphall,Harphall
Antrim,Glencloy,Carnlough_Village_Marine_Road,http://www.townlands.ie/antrim/glenarm-lower/tickmacrevan/harphall,Harphall
Antrim,Glencloy,Carnlough_Village_Whitehill_Road,http://www.townlands.ie/antrim/glenarm-lower/tickmacrevan/harphall,Harphall
Antrim,Glencloy,Cregattan_Part_of_Galdanagh,http://www.townlands.ie/antrim/glenarm-lower/tickmacrevan/cregcattan-part-of-galdanagh,Cregattan_Part_of_Galdanagh
Antrim,Glencloy,Druminagh,http://www.townlands.ie/antrim/glenarm-lower/tickmacrevan/druminagh,Druminagh
Antrim,Glencloy,Galdanagh,http://www.townlands.ie/antrim/glenarm-lower/tickmacrevan/galdanagh,Galdanagh
Antrim,Glencloy,Stony_Hill,http://www.townlands.ie/antrim/glenarm-lower/tickmacrevan/stony-hill,Stony_Hill
Antrim,Glencloy,Unshinagh_North,http://www.townlands.ie/antrim/glenarm-lower/tickmacrevan/unshinagh-north,Unshinagh_North
Antrim,Glencloy,Unshinagh_South,http://www.townlands.ie/antrim/glenarm-lower/tickmacrevan/unshinagh-south,Unshinagh_South
Antrim,Glenravel,Brae,http://www.townlands.ie/antrim/antrim-lower/skerry/brae,Brae
Antrim,Glenravel,Islandnabracky,http://www.townlands.ie/antrim/kilconway/skerry/islandnabracky,Islandnabracky
Antrim,Glenravel,Knockanully,http://www.townlands.ie/antrim/antrim-lower/skerry/knockanully,Knockanully
Antrim,Glenravel,Rathsherry,http://www.townlands.ie/antrim/antrim-lower/skerry/rathsherry,Rathsherry
Antrim,Glenwherry,Clatteryknowes,http://www.townlands.ie/antrim/antrim-lower/glenwhirry/clatteryknowes,Clatteryknowes
Antrim,Glenwherry,Glenhead,http://www.townlands.ie/antrim/antrim-lower/glenwhirry/glenhead,Glenhead
Antrim,Glenwherry,Glenwhirry,http://www.townlands.ie/antrim/antrim-lower/glenwhirry/glenwhirry,Glenwhirry
Antrim,Glenwherry,Greenhill,http://www.townlands.ie/antrim/antrim-lower/glenwhirry/greenhill,Greenhill
Antrim,Glenwherry,Kearneyhill,http://www.townlands.ie/antrim/antrim-lower/glenwhirry/kernyhill,Kearneyhill
Antrim,Glenwherry,Kinnegallagh,http://www.townlands.ie/antrim/antrim-lower/glenwhirry/kinnegalliagh,Kinnegallagh
Antrim,Glenwherry,Skerrywhirry,http://www.townlands.ie/antrim/antrim-lower/glenwhirry/skerrywhirry,Skerrywhirry
Antrim,Longmore,Aghafatten,http://www.townlands.ie/antrim/antrim-lower/skerry/aghafatten,Aghafatten
Antrim,Longmore,Cleggan,http://www.townlands.ie/antrim/antrim-lower/skerry/cleggan,Cleggan
Antrim,Longmore,Loughconnelly,http://www.townlands.ie/antrim/antrim-lower/skerry/loughconnelly,Loughconnelly
Antrim,Longmore,Magheramully,http://www.townlands.ie/antrim/antrim-lower/skerry/magheramully,Magheramully
Antrim,Newtown_Crommelin,Cargan_Village,http://www.townlands.ie/antrim/kilconway/dunaghy/cargin,Cargan
Antrim,Newtown_Crommelin,Cargan,http://www.townlands.ie/antrim/kilconway/dunaghy/cargin,Cargan
Antrim,Newtown_Crommelin,Carrowcowan,http://www.townlands.ie/antrim/kilconway/dunaghy/carrowcowan,Carrowcowan
Antrim,Newtown_Crommelin,Irishomerbane,http://www.townlands.ie/antrim/kilconway/dunaghy/irishomerbane,Irishomerbane
Antrim,Newtown_Crommelin,Legagrane,http://www.townlands.ie/antrim/kilconway/dunaghy/legagrane,Legagrane
Antrim,Newtown_Crommelin,Newtown_Crommelin_Village,http://www.townlands.ie/antrim/kilconway/newtown-crommelin/skerry-east,Skerry_East
Antrim,Newtown_Crommelin,Skerry_East,http://www.townlands.ie/antrim/kilconway/newtown-crommelin/skerry-east,Skerry_East
Antrim,Newtown_Crommelin,Scotchomerbane,http://www.townlands.ie/antrim/kilconway/newtown-crommelin/scotchomerbane,Scotchomerbane
Antrim,Newtown_Crommelin,Tuftarney,http://www.townlands.ie/antrim/kilconway/dunaghy/tuftarney,Tuftarney
Antrim,Red_Bay,Barard,http://www.townlands.ie/antrim/glenarm-lower/layd/barard,Barard
Antrim,Red_Bay,Culbidag,http://www.townlands.ie/antrim/glenarm-lower/layd/culbidag,Culbidag
Antrim,Red_Bay,Cushendall_Village_Bridge_Street,http://www.townlands.ie/antrim/glenarm-lower/layd/cushendall,Cushendall_Village
Antrim,Red_Bay,Cushendall_Village,http://www.townlands.ie/antrim/glenarm-lower/layd/cushendall,Cushendall_Village
Antrim,Red_Bay,Gortateea,http://www.townlands.ie/antrim/glenarm-lower/layd/gortateea,Gortateea
Antrim,Red_Bay,Issbawn_or_Upper_Gortnagross,http://www.townlands.ie/antrim/glenarm-lower/layd/issbawn,Issbawn_or_Upper_Gortnagross
Antrim,Red_Bay,Killoughag,http://www.townlands.ie/antrim/glenarm-lower/layd/kiloughag,Killoughag
Antrim,Red_Bay,Knockeny,http://www.townlands.ie/antrim/glenarm-lower/layd/knockeny,Knockeny
Antrim,Red_Bay,Middle_Park,http://www.townlands.ie/antrim/glenarm-lower/layd/middle-park,Middle_Park
Antrim,Red_Bay,Parkmore,http://www.townlands.ie/antrim/glenarm-lower/layd/parkmore,Parkmore
Antrim,Red_Bay,Red_Bay_Harbour,http://www.townlands.ie/antrim/glenarm-lower/layd/red-bay,Red_Bay
Antrim,Red_Bay,Red_Bay,http://www.townlands.ie/antrim/glenarm-lower/layd/red-bay,Red_Bay
Antrim,Red_Bay,Retreat,http://www.townlands.ie/antrim/glenarm-lower/layd/retreat,Retreat
Antrim,Red_Bay,Tavnagharry,http://www.townlands.ie/antrim/glenarm-lower/layd/tavnagharry,Tavnagharry
Antrim,Slemish,Antynanum,http://www.townlands.ie/antrim/antrim-lower/racavan/antynanum,Antynanum
Antrim,Slemish,Carnstroan,http://www.townlands.ie/antrim/antrim-lower/racavan/carnstroan,Carnstroan
Antrim,Slemish,Cloghinarney,http://www.townlands.ie/antrim/antrim-lower/racavan/cloghinarney,Cloghinarney
Antrim,Slemish,Racavan,http://www.townlands.ie/antrim/antrim-lower/racavan/racavan,Racavan
Antrim,Slemish,Rooghan,http://www.townlands.ie/antrim/antrim-lower/racavan/rooghan,Rooghan
Antrim,Slemish,Shillanavogy,http://www.townlands.ie/antrim/antrim-lower/racavan/shillanavogy,Shillanavogy
Down,Bryansford,Ballyhafry,http://www.townlands.ie/down/iveagh-upper-lower-half/kilcoo/ballyhafry,Ballyhafry
Down,Bryansford,Newcastle_Town_Church_Street,http://www.townlands.ie/down/iveagh-upper-lower-half/kilcoo/ballaghbeg,Ballaghbeg
Down,Bryansford,Newcastle_Town_King_Street,http://www.townlands.ie/down/iveagh-upper-lower-half/kilcoo/ballaghbeg,Ballaghbeg
Down,Bryansford,Newcastle_Town_Main_Street,http://www.townlands.ie/down/iveagh-upper-lower-half/kilcoo/ballaghbeg,Ballaghbeg
Down,Bryansford,Newcastle_Town_Post_Office_Street,http://www.townlands.ie/down/iveagh-upper-lower-half/kilcoo/ballaghbeg,Ballaghbeg
Down,Bryansford,Newcastle_Town_Shore_Road,http://www.townlands.ie/down/iveagh-upper-lower-half/kilcoo/ballaghbeg,Ballaghbeg
Down,Newcastle,Newcastle_Town_Ballaghbeg,http://www.townlands.ie/down/iveagh-upper-lower-half/kilcoo/ballaghbeg,Ballaghbeg
Down,Newcastle,Newcastle_Town_Bryansford_Road,http://www.townlands.ie/down/iveagh-upper-lower-half/kilcoo/ballaghbeg,Ballaghbeg
Down,Newcastle,Newcastle_Town_Castlewellan,http://www.townlands.ie/down/iveagh-upper-lower-half/kilcoo/ballaghbeg,Ballaghbeg
Down,Newcastle,Newcastle_Town_Harbour,http://www.townlands.ie/down/iveagh-upper-lower-half/kilcoo/ballaghbeg,Ballaghbeg
Down,Newcastle,Newcastle_Town_King_Street,http://www.townlands.ie/down/iveagh-upper-lower-half/kilcoo/ballaghbeg,Ballaghbeg
Down,Newcastle,Newcastle_Town_Main_Street,http://www.townlands.ie/down/iveagh-upper-lower-half/kilcoo/ballaghbeg,Ballaghbeg
Down,Newcastle,Newcastle_Town_Post_Office_Street,http://www.townlands.ie/down/iveagh-upper-lower-half/kilcoo/ballaghbeg,Ballaghbeg
Down,Newcastle,Newcastle_Town_Railway_Street,http://www.townlands.ie/down/iveagh-upper-lower-half/kilcoo/ballaghbeg,Ballaghbeg
Down,Newcastle,Newcastle_Town_Valentia_Place,http://www.townlands.ie/down/iveagh-upper-lower-half/kilcoo/ballaghbeg,Ballaghbeg
Down,Bryansford,Ballaghbeg,http://www.townlands.ie/down/iveagh-upper-lower-half/kilcoo/ballaghbeg,Ballaghbeg
Down,Bryansford,Tullybranigan,http://www.townlands.ie/down/iveagh-upper-lower-half/kilcoo/tullybranigan,Tullybranigan
Down,Fofanny,Drumena,http://www.townlands.ie/down/iveagh-upper-lower-half/kilcoo/drumena,Drumena
Down,Fofanny,Fofannybane,http://www.townlands.ie/down/iveagh-upper-lower-half/kilcoo/fofannybane,Fofannybane
Down,Fofanny,Fofannyreagh,http://www.townlands.ie/down/iveagh-upper-lower-half/kilcoo/fofannyreagh,Fofannyreagh
Down,Fofanny,Moyad,http://www.townlands.ie/down/iveagh-upper-lower-half/kilcoo/moyad,Moyad
Down,Fofanny,Slievenalargy,http://www.townlands.ie/down/iveagh-upper-lower-half/kilcoo/slievenalargy,Slievenalargy
Down,Greencastle,Aghyoghill,http://www.townlands.ie/down/mourne/kilkeel/aghyoghill,Aghyoghill
Down,Greencastle,Drummanlane,http://www.townlands.ie/down/mourne/kilkeel/drummanlane,Drummanlane
Down,Greencastle,Drummanmore,http://www.townlands.ie/down/mourne/kilkeel/drummanmore,Drummanmore
Down,Greencastle,Guineways,http://www.townlands.ie/down/mourne/kilkeel/guineways,Guineways
Down,Greencastle,Guineways_Upper,http://www.townlands.ie/down/mourne/kilkeel/guineways-upper,Guineways_Upper
Down,Kilkeel,Ballinran,http://www.townlands.ie/down/mourne/kilkeel/ballinran,Ballinran
Down,Kilkeel,Drumcro,http://www.townlands.ie/down/mourne/kilkeel/drumcro,Drumcro
Down,Kilkeel,Kilkeel_Town_Bridge_Street,http://www.townlands.ie/down/mourne/kilkeel/kilkeel,Kilkeel
Down,Kilkeel,Kilkeel_Town_Newcastle_Street,http://www.townlands.ie/down/mourne/kilkeel/kilkeel,Kilkeel
Down,Kilkeel,Kilkeel_Town_Meeting_House_Lane,http://www.townlands.ie/down/mourne/kilkeel/kilkeel,Kilkeel
Down,Kilkeel,Kilkeel_Town_Shore_Road,http://www.townlands.ie/down/mourne/kilkeel/kilkeel,Kilkeel
Down,Kilkeel,Kilkeel,http://www.townlands.ie/down/mourne/kilkeel/kilkeel,Kilkeel
Down,Kilkeel,Kilkeel_Town_Greencastle_Street,http://www.townlands.ie/down/mourne/kilkeel/magheramurphy,Magheramurphy
Down,Kilkeel,Kilkeel_Town_Harbour_Magheramurphy,http://www.townlands.ie/down/mourne/kilkeel/magheramurphy,Magheramurphy
Down,Kilkeel,Kilkeel_Town_Harbour_Road,http://www.townlands.ie/down/mourne/kilkeel/magheramurphy,Magheramurphy
Down,Kilkeel,Kilkeel_Town_Mountain_Road,http://www.townlands.ie/down/mourne/kilkeel/magheramurphy,Magheramurphy
Down,Kilkeel,Kilkeel_Town_Newry_Street,http://www.townlands.ie/down/mourne/kilkeel/magheramurphy,Magheramurphy
Down,Kilkeel,Kilkeel_Town_The_Square,http://www.townlands.ie/down/mourne/kilkeel/magheramurphy,Magheramurphy
Down,Kilkeel,Magheramurphy,http://www.townlands.ie/down/mourne/kilkeel/magheramurphy,Magheramurphy
Down,Kilkeel,Mourne_Mountains_Middle,http://www.townlands.ie/down/mourne/kilkeel/mourne-mountains-middle,Mourne_Mountains_Middle
Down,Kilkeel,Moyad_Upper,http://www.townlands.ie/down/mourne/kilkeel/moyad-upper,Moyad_Upper
Down,Killowen,Ballincurry,http://www.townlands.ie/down/iveagh-upper-upper-half/kilbroney/ballincurry,Ballincurry
Down,Killowen,Ballindoalty,http://www.townlands.ie/down/iveagh-upper-upper-half/kilbroney/ballindoalty,Ballindoalty
Down,Maghera,Carnacarvill,http://www.townlands.ie/down/iveagh-upper-lower-half/maghera/carnacavill,Carnacarvill
Down,Maghera,Newcastle_Town_Shore_Road,http://www.townlands.ie/down/iveagh-upper-lower-half/maghera/murlough-upper,Murlough_Upper
Down,Newcastle,Newcastle_Town_Murlough_Upper,http://www.townlands.ie/down/iveagh-upper-lower-half/maghera/murlough-upper,Murlough_Upper
Down,Newcastle,Newcastle_Town_Shore_Road,http://www.townlands.ie/down/iveagh-upper-lower-half/maghera/murlough-upper,Murlough_Upper
Down,Maghera,Murlough_Upper,http://www.townlands.ie/down/iveagh-upper-lower-half/maghera/murlough-upper,Murlough_Upper
Down,Mourne_Park,Ballyardel,http://www.townlands.ie/down/mourne/kilkeel/ballyardel,Ballyardel
Down,Mourne_Park,Ballyrogan,http://www.townlands.ie/down/mourne/kilkeel/ballyrogan,Ballyrogan
Down,Mourne_Park,Dunnaman,http://www.townlands.ie/down/mourne/kilkeel/dunnaman,Dunnaman
Down,Mullartown,Annalong_Village,http://www.townlands.ie/down/mourne/kilkeel/moneydorragh-more,Moneydorragh_More
Down,Mullartown,Annalong_Village_Quay,http://www.townlands.ie/down/mourne/kilkeel/moneydorragh-more,Moneydorragh_More
Down,Mullartown,Moneydorragh_More,http://www.townlands.ie/down/mourne/kilkeel/moneydorragh-more,Moneydorragh_More
Down,Mullartown,Annalong_Village_Harbour,http://www.townlands.ie/down/mourne/kilkeel/moneydorragh-more,Moneydorragh_More
Down,Mullartown,Moneydorragh_Beg,http://www.townlands.ie/down/mourne/kilkeel/moneydorragh-beg,Moneydorragh_Beg
Down,Mullartown,Moneydorragh_More_Upper,http://www.townlands.ie/down/mourne/kilkeel/moneydorragh-more-upper,Moneydorragh_More_Upper
Down,Rosstrevor,Levallyreagh,http://www.townlands.ie/down/iveagh-upper-upper-half/kilbroney/levallyreagh,Levallyreagh
Down,Rosstrevor,Moygannon,http://www.townlands.ie/down/iveagh-upper-upper-half/kilbroney/moygannon,Moygannon
Down,Rosstrevor,Rostrevor_Village,http://www.townlands.ie/down/iveagh-upper-upper-half/kilbroney/rosstrevor,Rosstrevor
Down,Rosstrevor,Rostrevor_Village_Bridge_Street,http://www.townlands.ie/down/iveagh-upper-upper-half/kilbroney/rosstrevor,Rosstrevor
Down,Rosstrevor,Rostrevor_Village_Church_Street,http://www.townlands.ie/down/iveagh-upper-upper-half/kilbroney/rosstrevor,Rosstrevor
Down,Rosstrevor,Rostrevor_Village_Mary_Street,http://www.townlands.ie/down/iveagh-upper-upper-half/kilbroney/rosstrevor,Rosstrevor
Down,Rosstrevor,Rostrevor_Village_Ships_in_Port,http://www.townlands.ie/down/iveagh-upper-upper-half/kilbroney/rosstrevor,Rosstrevor
Down,Rosstrevor,Rostrevor_Village_Ships_off_the_Quay,http://www.townlands.ie/down/iveagh-upper-upper-half/kilbroney/rosstrevor,Rosstrevor
Down,Rosstrevor,Rostrevor_Village_Syenite_Street,http://www.townlands.ie/down/iveagh-upper-upper-half/kilbroney/rosstrevor,Rosstrevor
Down,Rosstrevor,Rostrevor_Village_Water_Street,http://www.townlands.ie/down/iveagh-upper-upper-half/kilbroney/rosstrevor,Rosstrevor
Down,Rosstrevor,Rostrevor_Village_Shipping,http://www.townlands.ie/down/iveagh-upper-upper-half/kilbroney/rosstrevor,Rosstrevor
Down,Rosstrevor,Rosstrevor,http://www.townlands.ie/down/iveagh-upper-upper-half/kilbroney/rosstrevor,Rosstrevor
Fermanagh,Ballinamallard,Ballinamallard_Village_Salloon,http://www.townlands.ie/fermanagh/tirkennedy/magheracross/salloon,Salloon
Fermanagh,Ballinamallard,Salloon,http://www.townlands.ie/fermanagh/tirkennedy/magheracross/salloon,Salloon
Fermanagh,Ballinamallard,Bellanamallard,http://www.townlands.ie/fermanagh/tirkennedy/magheracross/bellanamallard,Bellanamallard
Fermanagh,Ballinamallard,Sidaire,http://www.townlands.ie/fermanagh/tirkennedy/magheracross/sidaire,Sidaire
Fermanagh,Ballycassidy,Ardgart,http://www.townlands.ie/fermanagh/tirkennedy/magheracross/ardgart,Ardgart
Fermanagh,Ballycassidy,Cloghbally,http://www.townlands.ie/fermanagh/tirkennedy/trory/cloghbally,Cloghbally
Fermanagh,Ballycassidy,Gortaloughan,http://www.townlands.ie/fermanagh/tirkennedy/magheracross/gortaloughan,Gortaloughan
Fermanagh,Ballycassidy,Monalla,http://www.townlands.ie/fermanagh/tirkennedy/derryvullan-and-islands/monalla,Monalla
Fermanagh,Ballycassidy,Ring,http://www.townlands.ie/fermanagh/tirkennedy/trory/ring,Ring
Fermanagh,Ballycassidy,Trasna_Island,http://www.townlands.ie/fermanagh/tirkennedy/trory/trasna-island,Trasna_Island
Fermanagh,Ballycassidy,Tullyavy,http://www.townlands.ie/fermanagh/tirkennedy/trory/tullyavy,Tullyavy
Fermanagh,Ballycassidy,Urbal_or_Mossfield,http://www.townlands.ie/fermanagh/tirkennedy/trory/urbal-mossfield,Urbal_or_Mossfield
Fermanagh,Ballydoolagh,Derrykeeghan,http://www.townlands.ie/fermanagh/tirkennedy/enniskillen/derrykeeghan,Derrykeeghan
Fermanagh,Ballydoolagh,Gortmessan,http://www.townlands.ie/fermanagh/tirkennedy/enniskillen/gortmessan,Gortmessan
Fermanagh,Ballydoolagh,Lissan,http://www.townlands.ie/fermanagh/tirkennedy/derryvullan-and-islands/lissan,Lissan
Fermanagh,Ballydoolagh,Relagh,http://www.townlands.ie/fermanagh/tirkennedy/enniskillen/relagh,Relagh
Fermanagh,Ballydoolagh,Shankill,http://www.townlands.ie/fermanagh/tirkennedy/derryvullan-and-islands/shankill,Shankill
Fermanagh,Ballyreagh,Glasdrumman,http://www.townlands.ie/fermanagh/tirkennedy/derrybrusk/glasdrumman,Glasdrumman
Fermanagh,Ballyreagh,Mullyknock_or_Topped_Mountain,http://www.townlands.ie/fermanagh/tirkennedy/enniskillen/mullyknock-or-topped-mountain,Mullyknock_or_Topped_Mountain
Fermanagh,Ballyreagh,Tiraltan,http://www.townlands.ie/fermanagh/tirkennedy/enniskillen/tiraltan,Tiraltan
Fermanagh,Castle_Coole,Ballintarsan,http://www.townlands.ie/fermanagh/tirkennedy/derryvullan-and-islands/ballintarsan,Ballintarsan
Fermanagh,Castle_Coole,Bonnybrook,http://www.townlands.ie/fermanagh/tirkennedy/derryvullan-and-islands/bonnybrook,Bonnybrook
Fermanagh,Castle_Coole,Carrowmacmea,http://www.townlands.ie/fermanagh/tirkennedy/derryvullan-and-islands/carrowmacmea,Carrowmacmea
Fermanagh,Castle_Coole,Cavancarragh,http://www.townlands.ie/fermanagh/tirkennedy/derryvullan-and-islands/cavancarragh,Cavancarragh
Fermanagh,Castle_Coole,Cloghtate,http://www.townlands.ie/fermanagh/tirkennedy/enniskillen/cloghtate,Cloghtate
Fermanagh,Castle_Coole,Curraghlare,http://www.townlands.ie/fermanagh/tirkennedy/derryvullan-and-islands/curraghlare,Curraghlare
Fermanagh,Castle_Coole,Garvary,http://www.townlands.ie/fermanagh/tirkennedy/enniskillen/garvary,Garvary
Fermanagh,Castle_Coole,Killyreagh,http://www.townlands.ie/fermanagh/tirkennedy/derryvullan-and-islands/killyreagh,Killyreagh
Fermanagh,Castle_Coole,Mullanaskea,http://www.townlands.ie/fermanagh/tirkennedy/enniskillen/mullanaskea,Mullanaskea
Fermanagh,Clabby,Camgart,http://www.townlands.ie/fermanagh/tirkennedy/enniskillen/camgart,Camgart
Fermanagh,Clabby,Cloghoge,http://www.townlands.ie/fermanagh/tirkennedy/enniskillen/cloghoge,Cloghoge
Fermanagh,Clabby,Glencovet_Glebe,http://www.townlands.ie/fermanagh/tirkennedy/enniskillen/glencovet-glebe,Glencovet_Glebe
Fermanagh,Clabby,Moysnaght,http://www.townlands.ie/fermanagh/tirkennedy/enniskillen/moysnaght,Moysnaght
Fermanagh,Clabby,Ramaley,http://www.townlands.ie/fermanagh/tirkennedy/enniskillen/ramaley,Ramaley
Fermanagh,Clabby,Clabby_Village,http://www.townlands.ie/fermanagh/tirkennedy/enniskillen/ramaley,Ramaley
Fermanagh,Imeroo,Drummackan,http://www.townlands.ie/fermanagh/tirkennedy/enniskillen/drummackan,Drummackan
Fermanagh,Imeroo,Knockennis,http://www.townlands.ie/fermanagh/tirkennedy/enniskillen/knockennis,Knockennis
Fermanagh,Imeroo,Largandoy,http://www.townlands.ie/fermanagh/tirkennedy/enniskillen/largandoy,Largandoy
Fermanagh,Imeroo,Tonyglaskan,http://www.townlands.ie/fermanagh/tirkennedy/enniskillen/tonyglaskan,Tonyglaskan
Fermanagh,Irvinestown,Burfits_Hill,http://www.townlands.ie/fermanagh/lurg/derryvullan-and-islands/burfits-hill,Burfits_Hill
Fermanagh,Irvinestown,Coolgarran,http://www.townlands.ie/fermanagh/tirkennedy/magheracross/coolgarran,Coolgarran
Fermanagh,Irvinestown,Dromore,http://www.townlands.ie/fermanagh/lurg/derryvullan-and-islands/dromore,Dromore
Fermanagh,Irvinestown,Druminshin_Beg,http://www.townlands.ie/fermanagh/lurg/derryvullan-and-islands/druminshin-beg,Druminshin_Beg
Fermanagh,Irvinestown,Inish_Doney,http://www.townlands.ie/fermanagh/lurg/derryvullan-and-islands/inish-doney,Inish_Doney
Fermanagh,Irvinestown,Irvinestown_Town_Back_Street,http://www.townlands.ie/fermanagh/lurg/derryvullan-and-islands/townhill,Townhill
Fermanagh,Irvinestown,Irvinestown_Town_Church_Street,http://www.townlands.ie/fermanagh/lurg/derryvullan-and-islands/townhill,Townhill
Fermanagh,Irvinestown,Irvinestown_Town_Fair_Green_Street,http://www.townlands.ie/fermanagh/lurg/derryvullan-and-islands/townhill,Townhill
Fermanagh,Irvinestown,Irvinestown_Town_Main_Street,http://www.townlands.ie/fermanagh/lurg/derryvullan-and-islands/townhill,Townhill
Fermanagh,Irvinestown,Irvinestown_Town_Pound_Street,http://www.townlands.ie/fermanagh/lurg/derryvullan-and-islands/townhill,Townhill
Fermanagh,Irvinestown,Irvinestown_Town_Trillick_Road_Townhill,http://www.townlands.ie/fermanagh/lurg/derryvullan-and-islands/townhill,Townhill
Fermanagh,Irvinestown,Irvinestown_Town_Trillick_Road,http://www.townlands.ie/fermanagh/lurg/derryvullan-and-islands/townhill,Townhill
Fermanagh,Irvinestown,Townhill,http://www.townlands.ie/fermanagh/lurg/derryvullan-and-islands/townhill,Townhill
Fermanagh,Irvinestown,Irvinestown_Town_Castle_Street,http://www.townlands.ie/fermanagh/lurg/derryvullan-and-islands/milltate,Milltate
Fermanagh,Irvinestown,Irvinestown_Town_Trillick_Road_Milltate,http://www.townlands.ie/fermanagh/lurg/derryvullan-and-islands/milltate,Milltate
Fermanagh,Irvinestown,Milltate,http://www.townlands.ie/fermanagh/lurg/derryvullan-and-islands/milltate,Milltate
Fermanagh,Irvinestown,Knockroe_Irvine,http://www.townlands.ie/fermanagh/lurg/derryvullan-and-islands/knockroe-irvine,Knockroe_Irvine
Fermanagh,Irvinestown,Mullybreslen,http://www.townlands.ie/fermanagh/lurg/derryvullan-and-islands/mullybreslen,Mullybreslen
Fermanagh,Irvinestown,Rossinnan,http://www.townlands.ie/fermanagh/lurg/derryvullan-and-islands/rossinnan,Rossinnan
Fermanagh,Irvinestown,Tullylammy,http://www.townlands.ie/fermanagh/lurg/derryvullan-and-islands/tullylammy,Tullylammy
Fermanagh,Lisbellaw,Cloghtogle,http://www.townlands.ie/fermanagh/tirkennedy/enniskillen/cloghtogle,Cloghtogle
Fermanagh,Lisbellaw,Ederdaglass_or_Hollybank,http://www.townlands.ie/fermanagh/tirkennedy/derryvullan-and-islands/ederdaglass-or-hollybank,Ederdaglass_or_Hollybank
Fermanagh,Lisbellaw,Falls,http://www.townlands.ie/fermanagh/tirkennedy/enniskillen/falls,Falls
Fermanagh,Lisbellaw,Faughard,http://www.townlands.ie/fermanagh/tirkennedy/cleenish/faughard,Faughard
Fermanagh,Lisbellaw,Lisbellaw_Village,http://www.townlands.ie/fermanagh/tirkennedy/cleenish/mullybritt,Mullybritt
Fermanagh,Lisbellaw,Mullybritt,http://www.townlands.ie/fermanagh/tirkennedy/cleenish/mullybritt,Mullybritt
Fermanagh,Lisbellaw,Shanco,http://www.townlands.ie/fermanagh/tirkennedy/enniskillen/shanco,Shanco
Fermanagh,Lisbellaw,Tattygare,http://www.townlands.ie/fermanagh/tirkennedy/cleenish/tattygare,Tattygare
Fermanagh,Lisbellaw,Tattymacall,http://www.townlands.ie/fermanagh/tirkennedy/cleenish/tattymacall,Tattymacall
Fermanagh,Lisnarick,Drumarky,http://www.townlands.ie/fermanagh/lurg/derryvullan-and-islands/drumarky,Drumarky
Fermanagh,Lisnarick,Duross,http://www.townlands.ie/fermanagh/lurg/derryvullan-and-islands/duross,Duross
Fermanagh,Lisnarick,Inish_Contra,http://www.townlands.ie/fermanagh/lurg/derryvullan-and-islands/inish-conra,Inish_Contra
Fermanagh,Lisnarick,Lignameeltoge,http://www.townlands.ie/fermanagh/lurg/derryvullan-and-islands/lignameeltoge,Lignameeltoge
Fermanagh,Lisnarick,Liscreevin,http://www.townlands.ie/fermanagh/lurg/derryvullan-and-islands/liscreevin,Liscreevin
Fermanagh,Magheraculmoney,Edenclaw_Great,http://www.townlands.ie/fermanagh/lurg/magheraculmoney/edenclaw-great,Edenclaw_Great
Fermanagh,Magheraculmoney,Edenclaw_Little,http://www.townlands.ie/fermanagh/lurg/magheraculmoney/edenclaw-little,Edenclaw_Little
Fermanagh,Milltown,Crevinishaughy_Island,http://www.townlands.ie/fermanagh/lurg/magheraculmoney/crevinishaughy-island,Crevinishaughy_Island
Fermanagh,Milltown,Knockroe_Archdall,http://www.townlands.ie/fermanagh/lurg/derryvullan-and-islands/knockroe-archdall,Knockroe_Archdall
Fermanagh,Milltown,Tullanaglare,http://www.townlands.ie/fermanagh/lurg/magheraculmoney/tullanaglare,Tullanaglare
Fermanagh,Milltown,Whitehill_North,http://www.townlands.ie/fermanagh/lurg/derryvullan-and-islands/whitehill-north,Whitehill_North
Fermanagh,Newporton,Ballinamallard_Village_Drumkeen,http://www.townlands.ie/fermanagh/tirkennedy/magheracross/drumkeen,Drumkeen
Fermanagh,Newporton,Drumkeen,http://www.townlands.ie/fermanagh/tirkennedy/magheracross/drumkeen,Drumkeen
Fermanagh,Newporton,Cavanalough_Glebe,http://www.townlands.ie/fermanagh/tirkennedy/magheracross/cavanalough-glebe,Cavanalough_Glebe
Fermanagh,Newporton,Cavantillycormick,http://www.townlands.ie/fermanagh/tirkennedy/magheracross/cavantillycormick,Cavantillycormick
Fermanagh,Newporton,Cleenaghan,http://www.townlands.ie/fermanagh/tirkennedy/magheracross/cleenaghan,Cleenaghan
Fermanagh,Newporton,Derryraghan,http://www.townlands.ie/fermanagh/tirkennedy/magheracross/derryraghan,Derryraghan
Fermanagh,Newporton,Drummurry,http://www.townlands.ie/fermanagh/tirkennedy/magheracross/drummurry,Drummurry
Fermanagh,Newporton,Drumrainy,http://www.townlands.ie/fermanagh/tirkennedy/magheracross/drumrainy,Drumrainy
Fermanagh,Newporton,Ferney,http://www.townlands.ie/fermanagh/tirkennedy/magheracross/ferney,Ferney
Fermanagh,Newporton,Kilgortnaleague,http://www.townlands.ie/fermanagh/tirkennedy/magheracross/kilgortnaleague,Kilgortnaleague
Fermanagh,Newporton,Killymittan,http://www.townlands.ie/fermanagh/tirkennedy/magheracross/killymittan,Killymittan
Fermanagh,Newporton,Knockmanoul,http://www.townlands.ie/fermanagh/tirkennedy/magheracross/knockmanoul,Knockmanoul
Fermanagh,Newporton,Salry,http://www.townlands.ie/fermanagh/tirkennedy/magheracross/salry,Salry
Fermanagh,Rockfield_or_Killadeas,Buninubber,http://www.townlands.ie/fermanagh/lurg/trory/buninubber,Buninubber
Fermanagh,Rockfield_or_Killadeas,Cantytrindle,http://www.townlands.ie/fermanagh/lurg/derryvullan-and-islands/cantytrindle,Cantytrindle
Fermanagh,Rockfield_or_Killadeas,Drumgarrow,http://www.townlands.ie/fermanagh/tirkennedy/trory/drumgarrow,Drumgarrow
Fermanagh,Rockfield_or_Killadeas,Druminshin_More,http://www.townlands.ie/fermanagh/lurg/derryvullan-and-islands/druminshin-more,Druminshin_More
Fermanagh,Rockfield_or_Killadeas,Drummackilowney,http://www.townlands.ie/fermanagh/lurg/trory/drummackilowney,Drummackilowney
Fermanagh,Rockfield_or_Killadeas,Tullyclea,http://www.townlands.ie/fermanagh/lurg/derryvullan-and-islands/tullyclea,Tullyclea
Fermanagh,Rockfield_or_Killadeas,Whitehill_South,http://www.townlands.ie/fermanagh/lurg/derryvullan-and-islands/whitehill-south,Whitehill_South
Fermanagh,Tempo,Claranagh,http://www.townlands.ie/fermanagh/tirkennedy/enniskillen/claranagh,Claranagh
Fermanagh,Tempo,Greaghrawer,http://www.townlands.ie/fermanagh/tirkennedy/enniskillen/greaghrawer,Greaghrawer
Fermanagh,Tempo,Kilnambrahar,http://www.townlands.ie/fermanagh/tirkennedy/enniskillen/kilnambrahar,Kilnambrahar
Fermanagh,Tempo,Ratoran,http://www.townlands.ie/fermanagh/tirkennedy/enniskillen/ratoran,Ratoran
Fermanagh,Tempo,Shillanmore,http://www.townlands.ie/fermanagh/tirkennedy/enniskillen/shillanmore,Shillanmore
Fermanagh,Tempo,Tattinweer,http://www.townlands.ie/fermanagh/tirkennedy/enniskillen/tattinweer,Tattinweer
Fermanagh,Tempo,Tempo_Village,http://www.townlands.ie/fermanagh/tirkennedy/enniskillen/edenmore,Edenmore
Fermanagh,Tempo,Edenmore,http://www.townlands.ie/fermanagh/tirkennedy/enniskillen/edenmore,Edenmore
Tyrone,Carryglass,Lurganboy,http://www.townlands.ie/tyrone/clogher/donacavey/lurganboy,Lurganboy
Tyrone,Carryglass,Tattymoyle_Upper,http://www.townlands.ie/tyrone/clogher/donacavey/tattymoyle-upper,Tattymoyle_Upper
Tyrone,Dromore,Aghlisk,http://www.townlands.ie/tyrone/east-omagh/dromore/aghlisk,Aghlisk
Tyrone,Dromore,Dromore_Village_Church_Street,http://www.townlands.ie/tyrone/east-omagh/dromore/dromore,Dromore
Tyrone,Dromore,Dromore_Village_Main_Street,http://www.townlands.ie/tyrone/east-omagh/dromore/dromore,Dromore
Tyrone,Dromore,Dromore,http://www.townlands.ie/tyrone/east-omagh/dromore/dromore,Dromore
Tyrone,Dromore,Mulnagoagh,http://www.townlands.ie/tyrone/east-omagh/dromore/mulnacoagh,Mulnagoagh
Tyrone,Dromore,New_Park,http://www.townlands.ie/tyrone/east-omagh/dromore/new-park,New_Park
Tyrone,Kilskeery,Mulnagork,http://www.townlands.ie/tyrone/east-omagh/kilskeery/mulnagork,Mulnagork
Tyrone,Kilskeery,Rossnareen,http://www.townlands.ie/tyrone/east-omagh/kilskeery/rossnareen,Rossnareen
Tyrone,Trillick,Castlemervyn_Demesne,http://www.townlands.ie/tyrone/east-omagh/kilskeery/castlemeryn-demesne,Castlemervyn_Demesne
Tyrone,Trillick,Corlea,http://www.townlands.ie/tyrone/east-omagh/kilskeery/corlea,Corlea
Tyrone,Trillick,Edenagon,http://www.townlands.ie/tyrone/east-omagh/dromore/edenagon,Edenagon
Tyrone,Trillick,Shanmullagh_East,http://www.townlands.ie/tyrone/east-omagh/kilskeery/shanmullagh-east,Shanmullagh_East
Tyrone,Trillick,Trillick_Village,http://www.townlands.ie/tyrone/east-omagh/kilskeery/cavanamara,Cavanamara
Tyrone,Trillick,Cavanamara,http://www.townlands.ie/tyrone/east-omagh/kilskeery/cavanamara,Cavanamara
Tyrone,Tullyclunagh,Aghnamoe,http://www.townlands.ie/tyrone/east-omagh/dromore/aghnamore,Aghnamoe
Tyrone,Tullyclunagh,Drumderg_Glebe,http://www.townlands.ie/tyrone/east-omagh/dromore/drumderg-glebe,Drumderg_Glebe
Tyrone,Tullyclunagh,Drummallard,http://www.townlands.ie/tyrone/east-omagh/dromore/drummallard,Drummallard
Tyrone,Tullyclunagh,Lissaneden,http://www.townlands.ie/tyrone/east-omagh/dromore/lissaneden,Lissaneden
Tyrone,Tullyclunagh,Polfore,http://www.townlands.ie/tyrone/east-omagh/dromore/polfore,Polfore
Tyrone,Tullyclunagh,Rakeeranbeg,http://www.townlands.ie/tyrone/east-omagh/dromore/rakeeranbeg,Rakeeranbeg
Antrim,Ardclinis,Carnlough_Village_Bridge_Street,http://www.townlands.ie/antrim/glenarm-lower/ardclinis/mill-tenement,Mill_Tenement
Antrim,Ardclinis,Carnlough_Village_Mill_Isle,http://www.townlands.ie/antrim/glenarm-lower/ardclinis/mill-tenement,Mill_Tenement
Antrim,Ardclinis,Mill_Tenement,http://www.townlands.ie/antrim/glenarm-lower/ardclinis/mill-tenement,Mill_Tenement
Down,Newcastle,Newcastle_Town_Tullymore,http://www.townlands.ie/down/iveagh-upper-lower-half/maghera/tollymore,Tullymore
Down,Maghera,Tullymore,http://www.townlands.ie/down/iveagh-upper-lower-half/maghera/tollymore,Tullymore
Tyrone,Dromore,Dromore_Village_Omagh_Road,http://www.townlands.ie/tyrone/east-omagh/dromore/gardrum,Gardrum
Tyrone,Dromore,Gardrum,http://www.townlands.ie/tyrone/east-omagh/dromore/gardrum,Gardrum
Antrim,Ardclinis,Ardclinis,http://www.townlands.ie/antrim/glenarm-lower/ardclinis/ardclinis,Ardclinis
Antrim,Ardclinis,Bay,http://www.townlands.ie/antrim/glenarm-lower/ardclinis/bay,Bay
Antrim,Ardclinis,Burnside,http://www.townlands.ie/antrim/glenarm-lower/ardclinis/burnside,Burnside
Antrim,Ardclinis,Callisnagh,http://www.townlands.ie/antrim/glenarm-lower/ardclinis/callisnagh,Callisnagh
Antrim,Ardclinis,Carrivemurphy,http://www.townlands.ie/antrim/glenarm-lower/ardclinis/carrivemurphy,Carrivemurphy
Antrim,Ardclinis,Cushenilt,http://www.townlands.ie/antrim/glenarm-lower/ardclinis/carrivemurphy,Carrivemurphy
Antrim,Ardclinis,Drumadreid,http://www.townlands.ie/antrim/glenarm-lower/ardclinis/carrivemurphy,Carrivemurphy
Antrim,Ardclinis,Falmacbreed,http://www.townlands.ie/antrim/glenarm-lower/ardclinis/carrivemurphy,Carrivemurphy
Antrim,Ardclinis,Gallanagh,http://www.townlands.ie/antrim/glenarm-lower/ardclinis/carrivemurphy,Carrivemurphy
Antrim,Ardclinis,Tamlaghtmore,http://www.townlands.ie/antrim/glenarm-lower/ardclinis/carrivemurphy,Carrivemurphy
Antrim,Ardclinis,Clonreagh,http://www.townlands.ie/antrim/glenarm-lower/ardclinis/clonreagh,Clonreagh
Antrim,Ardclinis,Craignagat,http://www.townlands.ie/antrim/glenarm-lower/ardclinis/craignagat,Craignagat
Antrim,Ardclinis,Creggan,http://www.townlands.ie/antrim/glenarm-lower/ardclinis/creggan,Creggan
Antrim,Ardclinis,Diskirt,http://www.townlands.ie/antrim/glenarm-lower/ardclinis/diskirt,Diskirt
Antrim,Ardclinis,Drumnacross,http://www.townlands.ie/antrim/glenarm-lower/ardclinis/drumnacross,Drumnacross
Antrim,Ardclinis,Drumnacur,http://www.townlands.ie/antrim/glenarm-lower/ardclinis/drumnacur,Drumnacur
Antrim,Ardclinis,Drumnasole,http://www.townlands.ie/antrim/glenarm-lower/ardclinis/drumnasole,Drumnasole
Antrim,Ardclinis,Fallowvee,http://www.townlands.ie/antrim/glenarm-lower/ardclinis/fallowvee,Fallowvee
Antrim,Ardclinis,Falrusklin,http://www.townlands.ie/antrim/glenarm-lower/ardclinis/falrusklin,Falrusklin
Antrim,Ardclinis,Galbally_Lower,http://www.townlands.ie/antrim/glenarm-lower/ardclinis/galboly-lower,Galbally_Lower
Antrim,Ardclinis,Glenariff_Mountain_Lower,http://www.townlands.ie/antrim/glenarm-lower/ardclinis/glenariff-mountain-lower,Glenariff_Mountain_Lower
Antrim,Ardclinis,Gortin,http://www.townlands.ie/antrim/glenarm-lower/ardclinis/gortin,Gortin
Antrim,Ardclinis,Greenaghan,http://www.townlands.ie/antrim/glenarm-lower/ardclinis/greenaghan,Greenaghan
Antrim,Ardclinis,Lemnalary,http://www.townlands.ie/antrim/glenarm-lower/ardclinis/lemnalary,Lemnalary
Antrim,Ardclinis,Lemnalary_Mountain,http://www.townlands.ie/antrim/glenarm-lower/ardclinis/lemnalary-mountain,Lemnalary_Mountain
Antrim,Ardclinis,Longtown,http://www.townlands.ie/antrim/glenarm-lower/ardclinis/longtown,Longtown
Antrim,Ardclinis,Nappan,http://www.townlands.ie/antrim/glenarm-lower/ardclinis/nappan,Nappan
Antrim,Ardclinis,Newtown,http://www.townlands.ie/antrim/glenarm-lower/ardclinis/newtown,Newtown
Antrim,Ardclinis,Upper_Glenariff_Mountain_East,http://www.townlands.ie/antrim/glenarm-lower/ardclinis/upper-glenariff-mountain-east,Upper_Glenariff_Mountain_East
Antrim,Ardclinis,Upper_Glenariff_Mountain_West,http://www.townlands.ie/antrim/glenarm-lower/ardclinis/upper-glenariff-mountain-west,Upper_Glenariff_Mountain_West
Antrim,Ballyclug,Ballylesson,http://www.townlands.ie/antrim/antrim-lower/ballyclug/ballyleeson,Ballylesson
Antrim,Ballyclug,Ballymarlagh,http://www.townlands.ie/antrim/antrim-lower/ballyclug/ballymarlagh,Ballymarlagh
Antrim,Ballyclug,Crebilly,http://www.townlands.ie/antrim/antrim-lower/ballyclug/crebilly,Crebilly
Antrim,Ballyclug,Cross,http://www.townlands.ie/antrim/antrim-lower/ballyclug/cross,Cross
Antrim,Ballyclug,Deerfin,http://www.townlands.ie/antrim/antrim-lower/ballyclug/deerfin,Deerfin
Antrim,Ballyclug,Dunnyvadden,http://www.townlands.ie/antrim/antrim-lower/ballyclug/dunnyvadden,Dunnyvadden
Antrim,Ballyclug,Liminary,http://www.townlands.ie/antrim/antrim-lower/liminary,Liminary
Antrim,Ballyclug,Tully,http://www.townlands.ie/antrim/antrim-lower/ballyclug/tully,Tully
Antrim,Broughshane,Ballycloghan,http://www.townlands.ie/antrim/antrim-lower/skerry/ballycloghan,Ballycloghan
Antrim,Broughshane,Carnkeeran,http://www.townlands.ie/antrim/antrim-lower/skerry/carnkeeran,Carnkeeran
Antrim,Broughshane,Drummuck,http://www.townlands.ie/antrim/antrim-lower/racavan/drummuck,Drummuck
Antrim,Broughshane,Dunaird,http://www.townlands.ie/antrim/antrim-lower/racavan/dunaird,Dunaird
Antrim,Broughshane,Elginny,http://www.townlands.ie/antrim/antrim-lower/skerry/elginy,Elginny
Antrim,Broughshane,Kinbally,http://www.townlands.ie/antrim/antrim-lower/skerry/kinbally,Kinbally
Antrim,Broughshane,Knockboy,http://www.townlands.ie/antrim/antrim-lower/knockboy,Knockboy
Antrim,Broughshane,Rathkeel,http://www.townlands.ie/antrim/antrim-lower/racavan/rathkeel,Rathkeel
Antrim,Broughshane,Tullymore,http://www.townlands.ie/antrim/antrim-lower/skerry/tullymore,Tullymore
Antrim,Carncastle,Ballygilbert,http://www.townlands.ie/antrim/glenarm-upper/carncastle/ballygilbert,Ballygilbert
Antrim,Carncastle,Ballymullock,http://www.townlands.ie/antrim/glenarm-upper/grange-of-killyglen/ballymullock,Ballymullock
Antrim,Carncastle,Ballyruther,http://www.townlands.ie/antrim/glenarm-upper/carncastle/ballyruther,Ballyruther
Antrim,Carncastle,Ballytober,http://www.townlands.ie/antrim/glenarm-upper/carncastle/ballytober,Ballytober
Antrim,Carncastle,Carnfunnock,http://www.townlands.ie/antrim/glenarm-upper/carncastle/carnfunnock,Carnfunnock
Antrim,Carncastle,Drains,http://www.townlands.ie/antrim/glenarm-upper/grange-of-killyglen/drains,Drains
Antrim,Carncastle,Droagh,http://www.townlands.ie/antrim/glenarm-upper/carncastle/droagh,Droagh
Antrim,Carncastle,Dromain,http://www.townlands.ie/antrim/glenarm-upper/grange-of-killyglen/dromain,Dromain
Antrim,Carncastle,Drumnagreagh,http://www.townlands.ie/antrim/glenarm-upper/carncastle/drumnagreagh,Drumnagreagh
Antrim,Carncastle,Killyglen,http://www.townlands.ie/antrim/glenarm-upper/grange-of-killyglen/killyglen,Killyglen
Antrim,Carncastle,Linford,http://www.townlands.ie/antrim/glenarm-upper/carncastle/linford,Linford
Antrim,Carncastle,Loughduff,http://www.townlands.ie/antrim/glenarm-upper/carncastle/loughduff,Loughduff
Antrim,Carncastle,Saint_Cunning,http://www.townlands.ie/antrim/glenarm-upper/carncastle/saint-cunning,Saint_Cunning
Antrim,Carncastle,Sallagh,http://www.townlands.ie/antrim/glenarm-upper/carncastle/sallagh,Sallagh
Antrim,Carncastle,Slievebane,http://www.townlands.ie/antrim/glenarm-upper/carncastle/slievebane,Slievebane
Antrim,Carncastle,Solar,http://www.townlands.ie/antrim/glenarm-upper/carncastle/solar,Solar
Antrim,Glenarm,Aughaboy,http://www.townlands.ie/antrim/glenarm-lower/tickmacrevan/aughaboy,Aughaboy
Antrim,Glenarm,Bellair,http://www.townlands.ie/antrim/glenarm-lower/tickmacrevan/bellair,Bellair
Antrim,Glenarm,Carnalbanagh,http://www.townlands.ie/antrim/glenarm-lower/tickmacrevan/carnalbanagh,Carnalbanagh
Antrim,Glenarm,Carnave,http://www.townlands.ie/antrim/glenarm-lower/tickmacrevan/carnave,Carnave
Antrim,Glenarm,Carrive,http://www.townlands.ie/antrim/glenarm-lower/tickmacrevan/carrive,Carrive
Antrim,Glenarm,Clady,http://www.townlands.ie/antrim/glenarm-lower/tickmacrevan/clady,Clady
Antrim,Glenarm,Cloney,http://www.townlands.ie/antrim/glenarm-lower/tickmacrevan/cloney,Cloney
Antrim,Glenarm,Demense_Upper,http://www.townlands.ie/antrim/glenarm-lower/tickmacrevan/demense-upper,Demense_Upper
Antrim,Glenarm,Dickeystown,http://www.townlands.ie/antrim/glenarm-lower/tickmacrevan/dickeys-town,Dickeystown
Antrim,Glenarm,Drumcrow,http://www.townlands.ie/antrim/glenarm-lower/tickmacrevan/drumcrow,Drumcrow
Antrim,Glenarm,Dunteige,http://www.townlands.ie/antrim/glenarm-lower/tickmacrevan/diunteige,Dunteige
Antrim,Glenarm,Glebe,http://www.townlands.ie/antrim/glenarm-lower/tickmacrevan/glebe,Glebe
Antrim,Glenarm,Glenarm_Demesne,http://www.townlands.ie/antrim/glenarm-lower/tickmacrevan/glenarm-demense,Glenarm_Demesne
Antrim,Glenarm,Glore,http://www.townlands.ie/antrim/glenarm-lower/tickmacrevan/glore,Glore
Antrim,Glenarm,Libbert_East,http://www.townlands.ie/antrim/glenarm-lower/tickmacrevan/libbert-east,Libbert_East
Antrim,Glenarm,Libbert_West,http://www.townlands.ie/antrim/glenarm-lower/tickmacrevan/libbert-west,Libbert_West
Antrim,Glenarm,Longfield,http://www.townlands.ie/antrim/glenarm-lower/tickmacrevan/longfield,Longfield
Antrim,Glenarm,Mullaghconnelly,http://www.townlands.ie/antrim/glenarm-lower/tickmacrevan/mullaghconnelly,Mullaghconnelly
Antrim,Glenarm,Munie_North,http://www.townlands.ie/antrim/glenarm-lower/tickmacrevan/munie-north,Munie_North
Antrim,Glenarm,Munie_South,http://www.townlands.ie/antrim/glenarm-lower/tickmacrevan/munie-south,Munie_South
Antrim,Glenarm,Parishagh,http://www.townlands.ie/antrim/glenarm-lower/tickmacrevan/parishagh,Parishagh
Antrim,Glenarm,Tully,http://www.townlands.ie/antrim/glenarm-lower/tickmacrevan/tully,Tully
Antrim,Glencloy,Bay,http://www.townlands.ie/antrim/glenarm-lower/tickmacrevan/stoney-hill,Bay
Antrim,Glencloy,Doonan,http://www.townlands.ie/antrim/glenarm-lower/tickmacrevan/doonan,Doonan
Antrim,Glencloy,Drumnacole,http://www.townlands.ie/antrim/glenarm-lower/tickmacrevan/drumnacole,Drumnacole
Antrim,Glencloy,Drumourne,http://www.townlands.ie/antrim/glenarm-lower/tickmacrevan/drumourne,Drumourne
Antrim,Glencloy,Gartford,http://www.townlands.ie/antrim/glenarm-lower/tickmacrevan/gartford,Gartford
Antrim,Glencloy,Gortcarney,http://www.townlands.ie/antrim/glenarm-lower/tickmacrevan/gortcarney,Gortcarney
Antrim,Glencloy,Unshinagh_Mountain,http://www.townlands.ie/antrim/glenarm-lower/tickmacrevan/unshinagh-mountain,Unshinagh_Mountain
Antrim,Glenravel,Ballsallagh,http://www.townlands.ie/antrim/antrim-lower/skerry/ballsallagh,Ballsallagh
Antrim,Glenravel,Carncoagh,http://www.townlands.ie/antrim/antrim-lower/skerry/carncoagh,Carncoagh
Antrim,Glenravel,Crooknahaya,http://www.townlands.ie/antrim/antrim-lower/skerry/crooknahaya,Crooknahaya
Antrim,Glenravel,Eglish,http://www.townlands.ie/antrim/antrim-lower/skerry/eglish,Eglish
Antrim,Glenravel,Evishnablay,http://www.townlands.ie/antrim/antrim-lower/skerry/evishnablay,Evishnablay
Antrim,Glenravel,Gortnageeragh,http://www.townlands.ie/antrim/antrim-lower/skerry/gortnageeragh,Gortnageeragh
Antrim,Glenravel,Islandstown,http://www.townlands.ie/antrim/antrim-lower/skerry/islandtown,Islandstown
Antrim,Glenravel,Killygore,http://www.townlands.ie/antrim/antrim-lower/skerry/killygore,Killygore
Antrim,Glenravel,Legnagooly,http://www.townlands.ie/antrim/antrim-lower/skerry/legnagooly,Legnagooly
Antrim,Glenravel,Lisbreen,http://www.townlands.ie/antrim/antrim-lower/skerry/lisbreen,Lisbreen
Antrim,Glenravel,Lisbreen_Half_Quarter,http://www.townlands.ie/antrim/antrim-lower/skerry/lisbreen-half-quarter,Lisbreen_Half_Quarter
Antrim,Glenravel,Lisnacrogher,http://www.townlands.ie/antrim/antrim-lower/skerry/lisnacrogher,Lisnacrogher
Antrim,Glenravel,Martinstown,http://www.townlands.ie/antrim/antrim-lower/skerry/martinstown,Martinstown
Antrim,Glenravel,Rathkenny,http://www.townlands.ie/antrim/antrim-lower/skerry/rathkenny,Rathkenny
Antrim,Glenwherry,Ballynulto,http://www.townlands.ie/antrim/antrim-lower/glenwhirry/ballynulto,Ballynulto
Antrim,Glenwherry,Braetown,http://www.townlands.ie/antrim/antrim-lower/glenwhirry/braetown,Braetown
Antrim,Glenwherry,Crosshill,http://www.townlands.ie/antrim/antrim-lower/glenwhirry/crosshill,Crosshill
Antrim,Glenwherry,Douglas,http://www.townlands.ie/antrim/antrim-lower/glenwhirry/douglas,Douglas
Antrim,Glenwherry,Jockeysquarter,http://www.townlands.ie/antrim/antrim-lower/glenwhirry/jockeysquarter,Jockeysquarter
Antrim,Glenwherry,Mistyburn,http://www.townlands.ie/antrim/antrim-lower/glenwhirry/mistyburn,Mistyburn
Antrim,Longmore,Aghacully,http://www.townlands.ie/antrim/antrim-lower/skerry/aghacully,Aghacully
Antrim,Longmore,Ballylig,http://www.townlands.ie/antrim/antrim-lower/skerry/ballylig,Ballylig
Antrim,Longmore,Ballymena,http://www.townlands.ie/antrim/antrim-lower/skerry/ballymena,Ballymena
Antrim,Longmore,Breckagh,http://www.townlands.ie/antrim/antrim-lower/skerry/brecagh,Breckagh
Antrim,Longmore,Clonetrace,http://www.townlands.ie/antrim/antrim-lower/skerry/clonetrace,Clonetrace
Antrim,Longmore,Glenocum,http://www.townlands.ie/antrim/antrim-lower/skerry/glenocum,Glenocum
Antrim,Longmore,Killycarn,http://www.townlands.ie/antrim/antrim-lower/skerry/killycarn,Killycarn
Antrim,Longmore,Longmore,http://www.townlands.ie/antrim/antrim-lower/skerry/longmore,Longmore
Antrim,Longmore,Loughloughan,http://www.townlands.ie/antrim/antrim-lower/skerry/loughloughan,Loughloughan
Antrim,Longmore,Quolie,http://www.townlands.ie/antrim/antrim-lower/skerry/quolie,Quolie
Antrim,Longmore,Slane,http://www.townlands.ie/antrim/antrim-lower/skerry/slane,Slane
Antrim,Longmore,Ticloy,http://www.townlands.ie/antrim/antrim-lower/skerry/ticloy,Ticloy
Antrim,Newtown_Crommelin,Craigdunloof,http://www.townlands.ie/antrim/kilconway/dunaghy/craigdunloof,Craigdunloof
Antrim,Newtown_Crommelin,Dungonnell,http://www.townlands.ie/antrim/kilconway/dunaghy/dungonnell,Dungonnell
Antrim,Newtown_Crommelin,Evishacrow,http://www.townlands.ie/antrim/kilconway/dunaghy/evishacrow,Evishacrow
Antrim,Newtown_Crommelin,Lisnamanny,http://www.townlands.ie/antrim/kilconway/dunaghy/lisnamanny,Lisnamanny
Antrim,Newtown_Crommelin,Magheraboy,http://www.townlands.ie/antrim/kilconway/dunaghy/magheraboy,Magheraboy
Antrim,Newtown_Crommelin,Skerry_West,http://www.townlands.ie/antrim/kilconway/newtown-crommelin/skerry-west,Skerry_West
Antrim,Red_Bay,Altmore_Lower,http://www.townlands.ie/antrim/glenarm-lower/layd/altmore-lower,Altmore_Lower
Antrim,Red_Bay,Altmore_Upper,http://www.townlands.ie/antrim/glenarm-lower/layd/altmore-upper,Altmore_Upper
Antrim,Red_Bay,Ballyfad,http://www.townlands.ie/antrim/glenarm-lower/layd/ballyfad,Ballyfad
Antrim,Red_Bay,Ballymacdoe,http://www.townlands.ie/antrim/glenarm-lower/layd/ballymacdoe,Ballymacdoe
Antrim,Red_Bay,Ballynahaville,http://www.townlands.ie/antrim/glenarm-lower/layd/ballynahaville,Ballynahaville
Antrim,Red_Bay,Ballynalougher,http://www.townlands.ie/antrim/glenarm-lower/layd/ballynalougher,Ballynalougher
Antrim,Red_Bay,Baraghilly,http://www.townlands.ie/antrim/glenarm-lower/layd/baraghilly,Baraghilly
Antrim,Red_Bay,Bellisk_or_Waterford,http://www.townlands.ie/antrim/glenarm-lower/layd/bellisk,Bellisk_or_Waterford
Antrim,Red_Bay,Carnahagh,http://www.townlands.ie/antrim/glenarm-lower/layd/carnahagh,Carnahagh
Antrim,Red_Bay,Carnonee,http://www.townlands.ie/antrim/glenarm-lower/layd/carnanee,Carnonee
Antrim,Red_Bay,Corlane,http://www.townlands.ie/antrim/glenarm-lower/layd/corlane,Corlane
Antrim,Red_Bay,Doory,http://www.townlands.ie/antrim/glenarm-lower/layd/doory,Doory
Antrim,Red_Bay,Ellanabough,http://www.townlands.ie/antrim/glenarm-lower/layd/ellanabough,Ellanabough
Antrim,Red_Bay,Foriff,http://www.townlands.ie/antrim/glenarm-lower/layd/foriff,Foriff
Antrim,Red_Bay,Glasmullen,http://www.townlands.ie/antrim/glenarm-lower/layd/glasmullen,Glasmullen
Antrim,Red_Bay,Gortaclee,http://www.townlands.ie/antrim/glenarm-lower/layd/gortaclee,Gortaclee
Antrim,Red_Bay,Gortlane,http://www.townlands.ie/antrim/glenarm-lower/layd/gortlane,Gortlane
Antrim,Red_Bay,Gortnagross_Lower_or_Murroo,http://www.townlands.ie/antrim/glenarm-lower/layd/gortnagross-lower,Gortnagross_Lower_or_Murroo
Antrim,Red_Bay,Kilmore,http://www.townlands.ie/antrim/glenarm-lower/layd/kilmore,Kilmore
Antrim,Red_Bay,Kilnadore,http://www.townlands.ie/antrim/glenarm-lower/layd/kilnadore,Kilnadore
Antrim,Red_Bay,Knockans_North,http://www.townlands.ie/antrim/glenarm-lower/layd/knockans-north,Knockans_North
Antrim,Red_Bay,Knockans_South,http://www.townlands.ie/antrim/glenarm-lower/layd/knockans-south,Knockans_South
Antrim,Red_Bay,Middle_Gortnagross,http://www.townlands.ie/antrim/glenarm-lower/layd/grortnagross-middle,Middle_Gortnagross
Antrim,Red_Bay,Mount_Edwards,http://www.townlands.ie/antrim/glenarm-lower/layd/mount-edwards,Mount_Edwards
Antrim,Red_Bay,Mullinaskeagh,http://www.townlands.ie/antrim/glenarm-lower/layd/mullinaskea,Mullinaskeagh
Antrim,Red_Bay,Toberwine,http://www.townlands.ie/antrim/glenarm-lower/layd/toberwine,Toberwine
Antrim,Red_Bay,Tully,http://www.townlands.ie/antrim/glenarm-lower/layd/tully,Tully
Antrim,Slemish,Ballygelly,http://www.townlands.ie/antrim/antrim-lower/racavan/ballygelly,Ballygelly
Antrim,Slemish,Ballyligpatrick,http://www.townlands.ie/antrim/antrim-lower/racavan/ballyligpatrick,Ballyligpatrick
Antrim,Slemish,Ballynacaird,http://www.townlands.ie/antrim/antrim-lower/racavan/ballynacaird,Ballynacaird
Antrim,Slemish,Buckna,http://www.townlands.ie/antrim/antrim-lower/racavan/buckna,Buckna
Antrim,Slemish,Douglas,http://www.townlands.ie/antrim/antrim-lower/racavan/douglas,Douglas
Antrim,Slemish,Kilnacolpagh,http://www.townlands.ie/antrim/antrim-lower/racavan/kilnacolpagh,Kilnacolpagh
Antrim,Slemish,Tamybuck,http://www.townlands.ie/antrim/antrim-lower/racavan/tamybuck,Tamybuck
Down,Ballykeel,Ballykeel,http://www.townlands.ie/down/mourne/kilkeel/ballykeel,Ballykeel
Down,Ballykeel,Ballymartin,http://www.townlands.ie/down/mourne/kilkeel/ballymartin,Ballymartin
Down,Ballykeel,Ballyveagh_Beg_Upper,http://www.townlands.ie/down/mourne/kilkeel/ballyveagh-beg-upper,Ballyveagh_Beg_Upper
Down,Ballykeel,Ballyveaghbeg,http://www.townlands.ie/down/mourne/kilkeel/ballyveagh-beg,Ballyveaghbeg
Down,Ballykeel,Ballyveaghmore,http://www.townlands.ie/down/mourne/kilkeel/ballyveagh-more,Ballyveaghmore
Down,Ballykeel,Ballyveaghmore_Upper,http://www.townlands.ie/down/mourne/kilkeel/ballyveagh-more-upper,Ballyveaghmore_Upper
Down,Ballykeel,Brackenagh_East,http://www.townlands.ie/down/mourne/kilkeel/brackenagh-east,Brackenagh_East
Down,Ballykeel,Brackenagh_East_Upper,http://www.townlands.ie/down/mourne/kilkeel/brackenagh-east-upper,Brackenagh_East_Upper
Down,Ballykeel,Brackenagh_West,http://www.townlands.ie/down/mourne/kilkeel/brackenagh-west,Brackenagh_West
Down,Ballykeel,Brackenagh_West_Upper,http://www.townlands.ie/down/mourne/kilkeel/brackenagh-west-upper,Brackenagh_West_Upper
Down,Ballykeel,Carrigenagh,http://www.townlands.ie/down/mourne/kilkeel/carrigenagh,Carrigenagh
Down,Ballykeel,Carrigenagh_Upper,http://www.townlands.ie/down/mourne/kilkeel/carrigenagh-upper,Carrigenagh_Upper
Down,Ballykeel,Mourne_Mountains_East,http://www.townlands.ie/down/mourne/kilkeel/mourne-mountains-east,Mourne_Mountains_East
Down,Bryansford,Aughacullion,http://www.townlands.ie/down/iveagh-upper-lower-half/kilcoo/aghacullion,Aughacullion
Down,Bryansford,Burrenbane,http://www.townlands.ie/down/iveagh-upper-lower-half/kilcoo/burrenbane,Burrenbane
Down,Bryansford,Burrenreagh,http://www.townlands.ie/down/iveagh-upper-lower-half/kilcoo/burrenreagh,Burrenreagh
Down,Bryansford,Clonachullion,http://www.townlands.ie/down/iveagh-upper-lower-half/kilcoo/clonachullion,Clonachullion
Down,Bryansford,Moneyscalp,http://www.townlands.ie/down/iveagh-upper-lower-half/kilcoo/moneyscalp,Moneyscalp
Down,Bryansford,Tullymore_Park,http://www.townlands.ie/down/iveagh-upper-lower-half/kilcoo/tollymore-park,Tullymore_Park
Down,Bryansford,Tullyree,http://www.townlands.ie/down/iveagh-upper-lower-half/kilcoo/tullyree,Tullyree
Down,Fofanny,Ardaghy,http://www.townlands.ie/down/iveagh-upper-lower-half/kilcoo/ardaghy,Ardaghy
Down,Fofanny,Ballymoney,http://www.townlands.ie/down/iveagh-upper-lower-half/kilcoo/ballymoney,Ballymoney
Down,Fofanny,Cock_Mountain_Common,http://www.townlands.ie/down/iveagh-upper-lower-half/kilcoo/cock-mountain-common,Cock_Mountain_Common
Down,Fofanny,Cross,http://www.townlands.ie/down/iveagh-upper-lower-half/kilcoo/cross,Cross
Down,Fofanny,Letalian,http://www.townlands.ie/down/iveagh-upper-lower-half/kilcoo/letalian,Letalian
Down,Fofanny,Tullynasoo,http://www.townlands.ie/down/iveagh-upper-lower-half/kilcoo/tullynasoo,Tullynasoo
Down,Greencastle,Ballygowan,http://www.townlands.ie/down/mourne/kilkeel/ballygowan,Ballygowan
Down,Greencastle,Ballymadeerfy,http://www.townlands.ie/down/mourne/kilkeel/ballymadeerfy,Ballymadeerfy
Down,Greencastle,Benagh_Lower,http://www.townlands.ie/down/mourne/kilkeel/benagh-lower,Benagh_Lower
Down,Greencastle,Benagh_Upper,http://www.townlands.ie/down/mourne/kilkeel/benagh-upper,Benagh_Upper
Down,Greencastle,Corcreaghan,http://www.townlands.ie/down/mourne/kilkeel/corcreaghan,Corcreaghan
Down,Greencastle,Cranfield,http://www.townlands.ie/down/mourne/kilkeel/cranfield,Cranfield
Down,Greencastle,Glenloughan,http://www.townlands.ie/down/mourne/kilkeel/glenloughan,Glenloughan
Down,Greencastle,Glenloughan_Upper,http://www.townlands.ie/down/mourne/kilkeel/glenloughan-upper,Glenloughan_Upper
Down,Greencastle,Grange,http://www.townlands.ie/down/mourne/kilkeel/grange,Grange
Down,Greencastle,Greencastle,http://www.townlands.ie/down/mourne/kilkeel/greencastle,Greencastle
Down,Greencastle,Lisnacree,http://www.townlands.ie/down/mourne/kilkeel/lisnacree,Lisnacree
Down,Greencastle,Lisnacree_Upper,http://www.townlands.ie/down/mourne/kilkeel/lisnacree-upper,Lisnacree_Upper
Down,Greencastle,Lurganconary,http://www.townlands.ie/down/mourne/kilkeel/lurganconary,Lurganconary
Down,Greencastle,Lurganreagh,http://www.townlands.ie/down/mourne/kilkeel/lurganreagh,Lurganreagh
Down,Greencastle,Maghery,http://www.townlands.ie/down/mourne/kilkeel/maghery,Maghery
Down,Greencastle,Mourne_Mountains_West,http://www.townlands.ie/down/mourne/kilkeel/mourne-mountains-west,Mourne_Mountains_West
Down,Greencastle,Tullyframe,http://www.townlands.ie/down/mourne/kilkeel/tullyframe,Tullyframe
Down,Kilkeel,Aughnahoory,http://www.townlands.ie/down/mourne/kilkeel/aughnahoory,Aughnahoory
Down,Kilkeel,Aughnaloopy,http://www.townlands.ie/down/mourne/kilkeel/aughnaloopy,Aughnaloopy
Down,Kilkeel,Ballinran_Upper,http://www.townlands.ie/down/mourne/kilkeel/ballinran-upper,Ballinran_Upper
Down,Kilkeel,Leitrim,http://www.townlands.ie/down/mourne/kilkeel/leitrim,Leitrim
Down,Kilkeel,Leitrim_Upper,http://www.townlands.ie/down/mourne/kilkeel/leitrim-upper,Leitrim_Upper
Down,Kilkeel,Maghereagh,http://www.townlands.ie/down/mourne/kilkeel/maghereagh,Maghereagh
Down,Kilkeel,Moyad,http://www.townlands.ie/down/mourne/kilkeel/moyad,Moyad
Down,Killowen,Ballincurry_Upper,http://www.townlands.ie/down/iveagh-upper-upper-half/kilbroney/ballincurry-upper,Ballincurry_Upper
Down,Killowen,Ballindoalty_Upper,http://www.townlands.ie/down/iveagh-upper-upper-half/kilbroney/ballindoalty-upper,Ballindoalty_Upper
Down,Killowen,Ballinran,http://www.townlands.ie/down/iveagh-upper-upper-half/kilbroney/ballinran,Ballinran
Down,Killowen,Ballinran_Upper,http://www.townlands.ie/down/iveagh-upper-upper-half/kilbroney/ballinran-upper,Ballinran_Upper
Down,Killowen,Ballintur,http://www.townlands.ie/down/iveagh-upper-upper-half/kilbroney/ballintur,Ballintur
Down,Killowen,Ballintur_Upper,http://www.townlands.ie/down/iveagh-upper-upper-half/kilbroney/ballintur-upper,Ballintur_Upper
Down,Killowen,Ballyedmond,http://www.townlands.ie/down/iveagh-upper-upper-half/kilbroney/ballyedmond,Ballyedmond
Down,Killowen,Ballyedmond_Upper,http://www.townlands.ie/down/iveagh-upper-upper-half/kilbroney/ballyedmond-upper,Ballyedmond_Upper
Down,Killowen,Ballyneddan,http://www.townlands.ie/down/iveagh-upper-upper-half/kilbroney/ballyneddan,Ballyneddan
Down,Killowen,Ballyneddan_Upper,http://www.townlands.ie/down/iveagh-upper-upper-half/kilbroney/ballyneddan-upper,Ballyneddan_Upper
Down,Killowen,Kilfeaghan,http://www.townlands.ie/down/iveagh-upper-upper-half/kilbroney/kilfeaghan,Kilfeaghan
Down,Killowen,Kilfeaghan_Upper,http://www.townlands.ie/down/iveagh-upper-upper-half/kilbroney/kilfeaghan-upper,Kilfeaghan_Upper
Down,Killowen,Killowen_Mountains,http://www.townlands.ie/down/iveagh-upper-upper-half/kilbroney/killowen-mountains,Killowen_Mountains
Down,Killowen,Rostrevor_Mountains,http://www.townlands.ie/down/iveagh-upper-upper-half/kilbroney/rostrevor-mountains,Rostrevor_Mountains
Down,Killowen,Tamnyveagh,http://www.townlands.ie/down/iveagh-upper-upper-half/kilbroney/tamnyveagh,Tamnyveagh
Down,Killowen,The_Point_Park,http://www.townlands.ie/down/iveagh-upper-upper-half/kilbroney/the-point-park,The_Point_Park
Down,Maghera,Ballyginny,http://www.townlands.ie/down/iveagh-upper-lower-half/maghera/ballyginny,Ballyginny
Down,Maghera,Ballyloughlin,http://www.townlands.ie/down/iveagh-upper-lower-half/maghera/ballyloughlin,Ballyloughlin
Down,Maghera,Drumee,http://www.townlands.ie/down/iveagh-upper-lower-half/maghera/drumee,Drumee
Down,Mourne_Park,Attical,http://www.townlands.ie/down/mourne/kilkeel/attical,Attical
Down,Mourne_Park,Aughrim,http://www.townlands.ie/down/mourne/kilkeel/aughrim,Aughrim
Down,Mourne_Park,Ballymagart,http://www.townlands.ie/down/mourne/kilkeel/ballymagart,Ballymagart
Down,Mourne_Park,Ballymageogh,http://www.townlands.ie/down/mourne/kilkeel/ballymageogh,Ballymageogh
Down,Mourne_Park,Ballynahatten,http://www.townlands.ie/down/mourne/kilkeel/ballynahatten,Ballynahatten
Down,Mourne_Park,Derryoge,http://www.townlands.ie/down/mourne/kilkeel/derryoge,Derryoge
Down,Mourne_Park,Drumindoney,http://www.townlands.ie/down/mourne/kilkeel/drumindoney,Drumindoney
Down,Mourne_Park,Dunnaval,http://www.townlands.ie/down/mourne/kilkeel/dunnaval,Dunnaval
Down,Mullartown,Ballaghanery,http://www.townlands.ie/down/mourne/kilkeel/ballaghanery,Ballaghanery
Down,Mullartown,Ballaghanery_Upper,http://www.townlands.ie/down/mourne/kilkeel/ballaghanery-upper,Ballaghanery_Upper
Down,Mullartown,Glasdrumman,http://www.townlands.ie/down/mourne/kilkeel/glasdrumman,Glasdrumman
Down,Mullartown,Glasdrumman_Upper,http://www.townlands.ie/down/mourne/kilkeel/glasdrumman-upper,Glasdrumman_Upper
Down,Mullartown,Mullartown,http://www.townlands.ie/down/mourne/kilkeel/mullartown,Mullartown
Down,Mullartown,Mullartown_Upper,http://www.townlands.ie/down/mourne/kilkeel/mullartown-upper,Mullartown_Upper
Down,Rosstrevor,Ballymoney,http://www.townlands.ie/down/iveagh-upper-upper-half/kilbroney/ballymoney,Ballymoney
Down,Rosstrevor,Drumreagh,http://www.townlands.ie/down/iveagh-upper-upper-half/kilbroney/drumreagh,Drumreagh
Down,Rosstrevor,Drumreagh_Upper,http://www.townlands.ie/down/iveagh-upper-upper-half/kilbroney/drumreagh-upper,Drumreagh_Upper
Down,Rosstrevor,Drumsesk,http://www.townlands.ie/down/iveagh-upper-upper-half/kilbroney/drumsesk,Drumsesk
Down,Rosstrevor,Kilbroney,http://www.townlands.ie/down/iveagh-upper-upper-half/kilbroney/kilbroney,Kilbroney
Down,Rosstrevor,Kilbroney_Upper,http://www.townlands.ie/down/iveagh-upper-upper-half/kilbroney/kilbroney-upper,Kilbroney_Upper
Down,Rosstrevor,Knockbarragh,http://www.townlands.ie/down/iveagh-upper-upper-half/kilbroney/knockbarragh,Knockbarragh
Down,Rosstrevor,Levallyclanone,http://www.townlands.ie/down/iveagh-upper-upper-half/kilbroney/levallyclanone,Levallyclanone
Down,Rosstrevor,Newtown,http://www.townlands.ie/down/iveagh-upper-upper-half/kilbroney/newtown,Newtown
Down,Rosstrevor,Newtown_Upper,http://www.townlands.ie/down/iveagh-upper-upper-half/kilbroney/newtown-upper,Newtown_Upper
Down,Rosstrevor,Rosstrevor_Upper,http://www.townlands.ie/down/iveagh-upper-upper-half/kilbroney/rosstrevor-upper,Rosstrevor_Upper
Fermanagh,Ballinamallard,Baragh,http://www.townlands.ie/fermanagh/tirkennedy/magheracross/baragh,Baragh
Fermanagh,Ballinamallard,Craghan,http://www.townlands.ie/fermanagh/tirkennedy/magheracross/craghan,Craghan
Fermanagh,Ballinamallard,Drumbulcan,http://www.townlands.ie/fermanagh/tirkennedy/magheracross/drumbulcan,Drumbulcan
Fermanagh,Ballinamallard,Drumcreen,http://www.townlands.ie/fermanagh/tirkennedy/magheracross/drumcreen,Drumcreen
Fermanagh,Ballinamallard,Magheracross,http://www.townlands.ie/fermanagh/tirkennedy/magheracross/magheracross,Magheracross
Fermanagh,Ballycassidy,Ballycassidy,http://www.townlands.ie/fermanagh/tirkennedy/trory/ballycassidy,Ballycassidy
Fermanagh,Ballycassidy,Car_Island,http://www.townlands.ie/fermanagh/tirkennedy/trory/car-island,Car_Island
Fermanagh,Ballycassidy,Conerick,http://www.townlands.ie/fermanagh/tirkennedy/trory/conerick,Conerick
Fermanagh,Ballycassidy,Derryargon,http://www.townlands.ie/fermanagh/tirkennedy/trory/derryargon,Derryargon
Fermanagh,Ballycassidy,Ferny_Island,http://www.townlands.ie/fermanagh/tirkennedy/trory/ferny-island,Ferny_Island
Fermanagh,Ballycassidy,Laragh,http://www.townlands.ie/fermanagh/tirkennedy/trory/laragh,Laragh
Fermanagh,Ballycassidy,Long_Island,http://www.townlands.ie/fermanagh/tirkennedy/trory/long-island,Long_Island
Fermanagh,Ballycassidy,Rossahilly,http://www.townlands.ie/fermanagh/tirkennedy/trory/rossahilly,Rossahilly
Fermanagh,Ballycassidy,Shanmullagh,http://www.townlands.ie/fermanagh/tirkennedy/trory/shanmullagh,Shanmullagh
Fermanagh,Ballycassidy,Srahenny,http://www.townlands.ie/fermanagh/tirkennedy/trory/srahenny,Srahenny
Fermanagh,Ballycassidy,Thornhill_Glebe,http://www.townlands.ie/fermanagh/tirkennedy/trory/thornhill-glebe,Thornhill_Glebe
Fermanagh,Ballycassidy,Trory,http://www.townlands.ie/fermanagh/tirkennedy/trory/trory,Trory
Fermanagh,Ballycassidy,Tullylone,http://www.townlands.ie/fermanagh/tirkennedy/trory/tullylone,Tullylone
Fermanagh,Ballycassidy,White_Island,http://www.townlands.ie/fermanagh/tirkennedy/trory/white-island,White_Island
Fermanagh,Ballydoolagh,Ballydoolagh,http://www.townlands.ie/fermanagh/tirkennedy/magheracross/ballydoolagh,Ballydoolagh
Fermanagh,Ballydoolagh,Breagho,http://www.townlands.ie/fermanagh/tirkennedy/enniskillen/breagho,Breagho
Fermanagh,Ballydoolagh,Derryhillagh,http://www.townlands.ie/fermanagh/tirkennedy/enniskillen/derryhillagh,Derryhillagh
Fermanagh,Ballydoolagh,Drumgay,http://www.townlands.ie/fermanagh/tirkennedy/enniskillen/drumgay,Drumgay
Fermanagh,Ballydoolagh,Lackaboy,http://www.townlands.ie/fermanagh/tirkennedy/enniskillen/lackaghboy,Lackaboy
Fermanagh,Ballydoolagh,Mullaghmeen,http://www.townlands.ie/fermanagh/tirkennedy/magheracross/mullaghmeen,Mullaghmeen
Fermanagh,Ballyreagh,Ballyreagh,http://www.townlands.ie/fermanagh/tirkennedy/derrybrusk/ballyreagh,Ballyreagh
Fermanagh,Ballyreagh,Largy,http://www.townlands.ie/fermanagh/tirkennedy/derrybrusk/largy,Largy
Fermanagh,Castle_Coole,Ballylucas,http://www.townlands.ie/fermanagh/tirkennedy/derryvullan-and-islands/ballylucas,Ballylucas
Fermanagh,Castle_Coole,Cavanacross,http://www.townlands.ie/fermanagh/tirkennedy/derryvullan-and-islands/cavanacross,Cavanacross
Fermanagh,Castle_Coole,Cultiagh,http://www.townlands.ie/fermanagh/tirkennedy/derryvullan-and-islands/cultiagh,Cultiagh
Fermanagh,Castle_Coole,Drumcrow,http://www.townlands.ie/fermanagh/tirkennedy/derryvullan-and-islands/drumcrow,Drumcrow
Fermanagh,Castle_Coole,Feddan,http://www.townlands.ie/fermanagh/tirkennedy/derryvullan-and-islands/feddan,Feddan
Fermanagh,Castle_Coole,Glasmullagh,http://www.townlands.ie/fermanagh/tirkennedy/derryvullan-and-islands/glasmullagh,Glasmullagh
Fermanagh,Castle_Coole,Killygrania,http://www.townlands.ie/fermanagh/tirkennedy/derryvullan-and-islands/killygrania,Killygrania
Fermanagh,Castle_Coole,Killyvilly,http://www.townlands.ie/fermanagh/tirkennedy/enniskillen/killyvilly,Killyvilly
Fermanagh,Castle_Coole,Kilnamaddy,http://www.townlands.ie/fermanagh/tirkennedy/derryvullan-and-islands/kilnamaddy,Kilnamaddy
Fermanagh,Castle_Coole,Kilsallagh,http://www.townlands.ie/fermanagh/tirkennedy/derryvullan-and-islands/kilsallagh,Kilsallagh
Fermanagh,Castle_Coole,Milltate,http://www.townlands.ie/fermanagh/tirkennedy/derryvullan-and-islands/milltate,Milltate
Fermanagh,Castle_Coole,Tamlaght,http://www.townlands.ie/fermanagh/tirkennedy/derryvullan-and-islands/tamlaght,Tamlaght
Fermanagh,Castle_Coole,Thomastown,http://www.townlands.ie/fermanagh/tirkennedy/derryvullan-and-islands/thomastown,Thomastown
Fermanagh,Castle_Coole,Tullyharney,http://www.townlands.ie/fermanagh/tirkennedy/derryvullan-and-islands/tullyharney,Tullyharney
Fermanagh,Clabby,Brockagh,http://www.townlands.ie/fermanagh/tirkennedy/enniskillen/brockagh,Brockagh
Fermanagh,Clabby,Drumcor,http://www.townlands.ie/fermanagh/tirkennedy/enniskillen/drumcor,Drumcor
Fermanagh,Clabby,Drumhirk,http://www.townlands.ie/fermanagh/tirkennedy/enniskillen/drumhirk,Drumhirk
Fermanagh,Clabby,Lurganclabby,http://www.townlands.ie/fermanagh/tirkennedy/enniskillen/lurganclabby,Lurganclabby
Fermanagh,Clabby,Mullaghsillogagh,http://www.townlands.ie/fermanagh/tirkennedy/enniskillen/mullaghshillogagh,Mullaghsillogagh
Fermanagh,Imeroo,Brougher,http://www.townlands.ie/fermanagh/tirkennedy/enniskillen/brougher,Brougher
Fermanagh,Imeroo,Dooneen,http://www.townlands.ie/fermanagh/tirkennedy/enniskillen/dooneen,Dooneen
Fermanagh,Imeroo,Glen,http://www.townlands.ie/fermanagh/tirkennedy/enniskillen/glen,Glen
Fermanagh,Imeroo,Glengesh,http://www.townlands.ie/fermanagh/tirkennedy/enniskillen/glengesh,Glengesh
Fermanagh,Imeroo,Imeroo,http://www.townlands.ie/fermanagh/tirkennedy/enniskillen/imeroo,Imeroo
Fermanagh,Imeroo,Leam,http://www.townlands.ie/fermanagh/tirkennedy/enniskillen/leam,Leam
Fermanagh,Imeroo,Letterbailey,http://www.townlands.ie/fermanagh/tirkennedy/enniskillen/letterbailey,Letterbailey
Fermanagh,Imeroo,Stragole,http://www.townlands.ie/fermanagh/tirkennedy/enniskillen/stragole,Stragole
Fermanagh,Imeroo,Tullyullagh,http://www.townlands.ie/fermanagh/tirkennedy/enniskillen/tullyullagh,Tullyullagh
Fermanagh,Irvinestown,Ardlougher,http://www.townlands.ie/fermanagh/lurg/derryvullan-and-islands/ardlougher,Ardlougher
Fermanagh,Irvinestown,Ballindullagh_Inward,http://www.townlands.ie/fermanagh/lurg/derryvullan-and-islands/ballindullagh-inward,Ballindullagh_Inward
Fermanagh,Irvinestown,Ballindullagh_Outward,http://www.townlands.ie/fermanagh/lurg/derryvullan-and-islands/ballindullagh-outward,Ballindullagh_Outward
Fermanagh,Irvinestown,Boyaghan,http://www.townlands.ie/fermanagh/lurg/derryvullan-and-islands/boyaghan,Boyaghan
Fermanagh,Irvinestown,Brownhill,http://www.townlands.ie/fermanagh/lurg/derryvullan-and-islands/brownhill,Brownhill
Fermanagh,Irvinestown,Cassidy,http://www.townlands.ie/fermanagh/lurg/derryvullan-and-islands/cassidy,Cassidy
Fermanagh,Irvinestown,Castle_Irvine_Demesne,http://www.townlands.ie/fermanagh/lurg/derryvullan-and-islands/castle-irvine-demesne,Castle_Irvine_Demesne
Fermanagh,Irvinestown,Clenaghisle,http://www.townlands.ie/fermanagh/lurg/derryvullan-and-islands/clenaghisle,Clenaghisle
Fermanagh,Irvinestown,Derrynanny,http://www.townlands.ie/fermanagh/lurg/derryvullan-and-islands/derrynanny,Derrynanny
Fermanagh,Irvinestown,Derryveone,http://www.townlands.ie/fermanagh/lurg/derryvullan-and-islands/derryveone,Derryveone
Fermanagh,Irvinestown,Drogan,http://www.townlands.ie/fermanagh/lurg/derryvullan-and-islands/drogan,Drogan
Fermanagh,Irvinestown,Drumbo,http://www.townlands.ie/fermanagh/lurg/derryvullan-and-islands/drumbo,Drumbo
Fermanagh,Irvinestown,Drumcaw,http://www.townlands.ie/fermanagh/lurg/derryvullan-and-islands/drumcaw,Drumcaw
Fermanagh,Irvinestown,Drumcrin,http://www.townlands.ie/fermanagh/lurg/derryvullan-and-islands/drumcrin,Drumcrin
Fermanagh,Irvinestown,Drumduff,http://www.townlands.ie/fermanagh/lurg/derryvullan-and-islands/drumduff,Drumduff
Fermanagh,Irvinestown,Drumsara,http://www.townlands.ie/fermanagh/lurg/derryvullan-and-islands/drumsara,Drumsara
Fermanagh,Irvinestown,Drumskea,http://www.townlands.ie/fermanagh/lurg/derryvullan-and-islands/drumskea,Drumskea
Fermanagh,Irvinestown,Forthill,http://www.townlands.ie/fermanagh/lurg/derryvullan-and-islands/forthill,Forthill
Fermanagh,Irvinestown,Glenall,http://www.townlands.ie/fermanagh/lurg/derryvullan-and-islands/glenall,Glenall
Fermanagh,Irvinestown,Glencoonra,http://www.townlands.ie/fermanagh/tirkennedy/magheracross/glencoonra,Glencoonra
Fermanagh,Irvinestown,Inish_Davar,http://www.townlands.ie/fermanagh/lurg/derryvullan-and-islands/inish-davar,Inish_Davar
Fermanagh,Irvinestown,Inish_Garve,http://www.townlands.ie/fermanagh/lurg/derryvullan-and-islands/inish-garve,Inish_Garve
Fermanagh,Irvinestown,Lettermoney,http://www.townlands.ie/fermanagh/tirkennedy/magheracross/lettermoney,Lettermoney
Fermanagh,Irvinestown,Moneykee,http://www.townlands.ie/fermanagh/lurg/derryvullan-and-islands/moneykee,Moneykee
Fermanagh,Irvinestown,Moynaghan_South,http://www.townlands.ie/fermanagh/lurg/derryvullan-and-islands/moynaghan-south,Moynaghan_South
Fermanagh,Irvinestown,Rossclare,http://www.townlands.ie/fermanagh/lurg/derryvullan-and-islands/rossclare,Rossclare
Fermanagh,Irvinestown,Sessiaghs,http://www.townlands.ie/fermanagh/lurg/magheracross/sessiaghs,Sessiaghs
Fermanagh,Irvinestown,Tullynagarn,http://www.townlands.ie/fermanagh/lurg/derryvullan-and-islands/tullynagarn,Tullynagarn
Fermanagh,Lisbellaw,Beagho,http://www.townlands.ie/fermanagh/tirkennedy/cleenish/beagho,Beagho
Fermanagh,Lisbellaw,Boshinny,http://www.townlands.ie/fermanagh/tirkennedy/cleenish/boshinny,Boshinny
Fermanagh,Lisbellaw,Carrowkeel,http://www.townlands.ie/fermanagh/tirkennedy/enniskillen/carrowkeel,Carrowkeel
Fermanagh,Lisbellaw,Coolbuck,http://www.townlands.ie/fermanagh/tirkennedy/cleenish/coolbuck,Coolbuck
Fermanagh,Lisbellaw,Derryclawan,http://www.townlands.ie/fermanagh/tirkennedy/derryvullan-and-islands/derryclawan,Derryclawan
Fermanagh,Lisbellaw,Derryhoney,http://www.townlands.ie/fermanagh/tirkennedy/cleenish/derryhoney,Derryhoney
Fermanagh,Lisbellaw,Drumderg,http://www.townlands.ie/fermanagh/tirkennedy/enniskillen/drumderg,Drumderg
Fermanagh,Lisbellaw,Drumdran,http://www.townlands.ie/fermanagh/tirkennedy/cleenish/drumdran,Drumdran
Fermanagh,Lisbellaw,Killee,http://www.townlands.ie/fermanagh/tirkennedy/enniskillen/killee,Killee
Fermanagh,Lisbellaw,Lisreagh,http://www.townlands.ie/fermanagh/tirkennedy/derryvullan-and-islands/lisreagh,Lisreagh
Fermanagh,Lisbellaw,Magonragh,http://www.townlands.ie/fermanagh/tirkennedy/enniskillen/magonragh,Magonragh
Fermanagh,Lisbellaw,Modeenagh,http://www.townlands.ie/fermanagh/tirkennedy/enniskillen/modeenagh,Modeenagh
Fermanagh,Lisbellaw,Mountdrum,http://www.townlands.ie/fermanagh/tirkennedy/cleenish/mountdrum,Mountdrum
Fermanagh,Lisbellaw,Snowhill,http://www.townlands.ie/fermanagh/tirkennedy/cleenish/snowhill,Snowhill
Fermanagh,Lisnarick,Doonan,http://www.townlands.ie/fermanagh/lurg/derryvullan-and-islands/doonan,Doonan
Fermanagh,Lisnarick,Drumaran,http://www.townlands.ie/fermanagh/lurg/derryvullan-and-islands/drumaran,Drumaran
Fermanagh,Lisnarick,Drumhoney,http://www.townlands.ie/fermanagh/lurg/derryvullan-and-islands/drumhoney,Drumhoney
Fermanagh,Lisnarick,Druminshinardagh,http://www.townlands.ie/fermanagh/lurg/derryvullan-and-islands/druminshinardagh,Druminshinardagh
Fermanagh,Lisnarick,Drummal,http://www.townlands.ie/fermanagh/lurg/derryvullan-and-islands/drummal,Drummal
Fermanagh,Lisnarick,Drummonaghan,http://www.townlands.ie/fermanagh/lurg/derryvullan-and-islands/drummonaghan,Drummonaghan
Fermanagh,Lisnarick,Drumpeen,http://www.townlands.ie/fermanagh/lurg/derryvullan-and-islands/drumpeen,Drumpeen
Fermanagh,Lisnarick,Drumshane,http://www.townlands.ie/fermanagh/lurg/derryvullan-and-islands/drumshane,Drumshane
Fermanagh,Lisnarick,Gaffer_Island,http://www.townlands.ie/fermanagh/lurg/derryvullan-and-islands/gaffer-island,Gaffer_Island
Fermanagh,Lisnarick,Glenross,http://www.townlands.ie/fermanagh/lurg/derryvullan-and-islands/glenross,Glenross
Fermanagh,Lisnarick,Gull_Rock,http://www.townlands.ie/fermanagh/lurg/derryvullan-and-islands/gull-rock,Gull_Rock
Fermanagh,Lisnarick,Isle_Namanfin,http://www.townlands.ie/fermanagh/lurg/derryvullan-and-islands/isle-namanfin,Isle_Namanfin
Fermanagh,Lisnarick,Kerney_Island,http://www.townlands.ie/fermanagh/lurg/derryvullan-and-islands/kerney-island,Kerney_Island
Fermanagh,Lisnarick,Montgomery_Rocks,http://www.townlands.ie/fermanagh/lurg/derryvullan-and-islands/montgomery-rocks,Montgomery_Rocks
Fermanagh,Lisnarick,Mullies,http://www.townlands.ie/fermanagh/lurg/derryvullan-and-islands/mullies,Mullies
Fermanagh,Lisnarick,Mullybrack,http://www.townlands.ie/fermanagh/lurg/derryvullan-and-islands/mullybrack,Mullybrack
Fermanagh,Lisnarick,Rossgweer,http://www.townlands.ie/fermanagh/lurg/derryvullan-and-islands/rossgweer,Rossgweer
Fermanagh,Lisnarick,Rossigh,http://www.townlands.ie/fermanagh/lurg/derryvullan-and-islands/rossigh,Rossigh
Fermanagh,Magheraculmoney,Aghagaffert,http://www.townlands.ie/fermanagh/lurg/magheraculmoney/aghagaffert,Aghagaffert
Fermanagh,Magheraculmoney,Aghaleague,http://www.townlands.ie/fermanagh/lurg/magheraculmoney/aghaleague,Aghaleague
Fermanagh,Magheraculmoney,Ardess_Glebe,http://www.townlands.ie/fermanagh/lurg/magheraculmoney/ardess-glebe,Ardess_Glebe
Fermanagh,Magheraculmoney,Ardvarney_East,http://www.townlands.ie/fermanagh/lurg/magheraculmoney/ardvarny-east,Ardvarney_East
Fermanagh,Magheraculmoney,Ardvarney_West,http://www.townlands.ie/fermanagh/lurg/magheraculmoney/ardvarny-west,Ardvarney_West
Fermanagh,Magheraculmoney,Barnalackan,http://www.townlands.ie/fermanagh/lurg/magheraculmoney/barnalackan,Barnalackan
Fermanagh,Magheraculmoney,Carrickagreany,http://www.townlands.ie/fermanagh/lurg/magheraculmoney/carrickagreany,Carrickagreany
Fermanagh,Magheraculmoney,Cloy,http://www.townlands.ie/fermanagh/lurg/magheraculmoney/cloy,Cloy
Fermanagh,Magheraculmoney,Diviny,http://www.townlands.ie/fermanagh/lurg/magheraculmoney/diviny,Diviny
Fermanagh,Magheraculmoney,Drumcahy,http://www.townlands.ie/fermanagh/lurg/magheraculmoney/drumcahy,Drumcahy
Fermanagh,Magheraculmoney,Drumgivery,http://www.townlands.ie/fermanagh/lurg/magheraculmoney/drumgivery,Drumgivery
Fermanagh,Magheraculmoney,Drumsawna_Beg,http://www.townlands.ie/fermanagh/lurg/magheraculmoney/drumsawna-beg,Drumsawna_Beg
Fermanagh,Magheraculmoney,Drumsawna_More,http://www.townlands.ie/fermanagh/lurg/magheraculmoney/drumsawna-more,Drumsawna_More
Fermanagh,Magheraculmoney,Edenagee,http://www.townlands.ie/fermanagh/lurg/magheraculmoney/edenagee,Edenagee
Fermanagh,Magheraculmoney,Edenamohill_Black,http://www.townlands.ie/fermanagh/lurg/magheraculmoney/edenamohill-black,Edenamohill_Black
Fermanagh,Magheraculmoney,Gargrim,http://www.townlands.ie/fermanagh/lurg/magheraculmoney/gargrim,Gargrim
Fermanagh,Magheraculmoney,Goladoo,http://www.townlands.ie/fermanagh/lurg/magheraculmoney/goladoo,Goladoo
Fermanagh,Magheraculmoney,Killycappy,http://www.townlands.ie/fermanagh/lurg/magheraculmoney/killycappy,Killycappy
Fermanagh,Magheraculmoney,Kilsmullan,http://www.townlands.ie/fermanagh/lurg/magheraculmoney/kilsmullan,Kilsmullan
Fermanagh,Magheraculmoney,Lurganboy,http://www.townlands.ie/fermanagh/lurg/magheraculmoney/lurganboy,Lurganboy
Fermanagh,Magheraculmoney,Meenmore,http://www.townlands.ie/fermanagh/lurg/magheraculmoney/meenmore,Meenmore
Fermanagh,Magheraculmoney,Mullaghfarne,http://www.townlands.ie/fermanagh/lurg/magheraculmoney/mullanrody1,Mullaghfarne
Fermanagh,Magheraculmoney,Mullanrody,http://www.townlands.ie/fermanagh/lurg/magheraculmoney/mullanrody2,Mullanrody
Fermanagh,Magheraculmoney,Nedsherry,http://www.townlands.ie/fermanagh/lurg/magheraculmoney/nedsherry,Nedsherry
Fermanagh,Magheraculmoney,Raw,http://www.townlands.ie/fermanagh/lurg/magheraculmoney/raw,Raw
Fermanagh,Magheraculmoney,Shanmullagh,http://www.townlands.ie/fermanagh/lurg/magheraculmoney/shanmullagh,Shanmullagh
Fermanagh,Magheraculmoney,Sheemuldoon,http://www.townlands.ie/fermanagh/lurg/magheraculmoney/sheenmuldoon,Sheemuldoon
Fermanagh,Magheraculmoney,Tattykeel_Upper,http://www.townlands.ie/fermanagh/lurg/magheraculmoney/tattykeel-upper,Tattykeel_Upper
Fermanagh,Magheraculmoney,Tullanaginn,http://www.townlands.ie/fermanagh/lurg/magheraculmoney/tullanaginn,Tullanaginn
Fermanagh,Milltown,Ardore,http://www.townlands.ie/fermanagh/lurg/magheraculmoney/ardore,Ardore
Fermanagh,Milltown,Ballymactaggart,http://www.townlands.ie/fermanagh/lurg/derryvullan-and-islands/ballymacataggart,Ballymactaggart
Fermanagh,Milltown,Bunaninver,http://www.townlands.ie/fermanagh/lurg/derryvullan-and-islands/bunaninver,Bunaninver
Fermanagh,Milltown,Carn,http://www.townlands.ie/fermanagh/lurg/magheraculmoney/carn,Carn
Fermanagh,Milltown,Carranboy,http://www.townlands.ie/fermanagh/lurg/derryvullan-and-islands/carranboy,Carranboy
Fermanagh,Milltown,Coolaness,http://www.townlands.ie/fermanagh/lurg/derryvullan-and-islands/coolaness,Coolaness
Fermanagh,Milltown,Coolisk,http://www.townlands.ie/fermanagh/lurg/derryvullan-and-islands/coolisk,Coolisk
Fermanagh,Milltown,Cullaghmore,http://www.townlands.ie/fermanagh/lurg/derryvullan-and-islands/cullaghmore,Cullaghmore
Fermanagh,Milltown,Davys_Island,http://www.townlands.ie/fermanagh/lurg/magheraculmoney/davys-island,Davys_Island
Fermanagh,Milltown,Drumadravy,http://www.townlands.ie/fermanagh/lurg/derryvullan-and-islands/drumadravy,Drumadravy
Fermanagh,Milltown,Drumbane,http://www.townlands.ie/fermanagh/lurg/magheraculmoney/drumbane,Drumbane
Fermanagh,Milltown,Drumbulcan,http://www.townlands.ie/fermanagh/lurg/derryvullan-and-islands/drumbulcan,Drumbulcan
Fermanagh,Milltown,Drumreane,http://www.townlands.ie/fermanagh/lurg/magheraculmoney/drumreane,Drumreane
Fermanagh,Milltown,Drumskool,http://www.townlands.ie/fermanagh/lurg/derryvullan-and-islands/drumskool,Drumskool
Fermanagh,Milltown,Glenkeen,http://www.townlands.ie/fermanagh/lurg/derryvullan-and-islands/glenkeen,Glenkeen
Fermanagh,Milltown,Inishmakill,http://www.townlands.ie/fermanagh/lurg/magheraculmoney/inishmakill,Inishmakill
Fermanagh,Milltown,Keeran,http://www.townlands.ie/fermanagh/lurg/drumkeeran/keeran2,Keeran
Fermanagh,Milltown,Kiltierney,http://www.townlands.ie/fermanagh/lurg/magheraculmoney/kiltierney,Kiltierney
Fermanagh,Milltown,Moynaghan_North,http://www.townlands.ie/fermanagh/lurg/derryvullan-and-islands/moynaghan-north,Moynaghan_North
Fermanagh,Milltown,Parkhill,http://www.townlands.ie/fermanagh/lurg/magheraculmoney/parkhill,Parkhill
Fermanagh,Milltown,Rahall,http://www.townlands.ie/fermanagh/lurg/derryvullan-and-islands/rahall,Rahall
Fermanagh,Milltown,Rossachrin,http://www.townlands.ie/fermanagh/lurg/derryvullan-and-islands/rossachrin,Rossachrin
Fermanagh,Milltown,Rossmore,http://www.townlands.ie/fermanagh/lurg/derryvullan-and-islands/rossmore,Rossmore
Fermanagh,Milltown,Shallany,http://www.townlands.ie/fermanagh/lurg/derryvullan-and-islands/shallany,Shallany
Fermanagh,Milltown,Slievebane,http://www.townlands.ie/fermanagh/lurg/magheraculmoney/slievebane,Slievebane
Fermanagh,Milltown,Tedd,http://www.townlands.ie/fermanagh/lurg/derryvullan-and-islands/tedd,Tedd
Fermanagh,Milltown,Toms_Island,http://www.townlands.ie/fermanagh/lurg/magheraculmoney/toms-island,Toms_Island
Fermanagh,Milltown,Tullanaguiggy,http://www.townlands.ie/fermanagh/lurg/magheraculmoney/tullanaguiggy,Tullanaguiggy
Fermanagh,Milltown,White_Island,http://www.townlands.ie/fermanagh/lurg/magheraculmoney/white-island,White_Island
Fermanagh,Newporton,Beagh,http://www.townlands.ie/fermanagh/tirkennedy/magheracross/beagh,Beagh
Fermanagh,Newporton,Coa,http://www.townlands.ie/fermanagh/tirkennedy/magheracross/coa,Coa
Fermanagh,Newporton,Cooltrain,http://www.townlands.ie/fermanagh/tirkennedy/magheracross/cooltrain,Cooltrain
Fermanagh,Newporton,Currin,http://www.townlands.ie/fermanagh/tirkennedy/magheracross/currin,Currin
Fermanagh,Newporton,Drumconnis,http://www.townlands.ie/fermanagh/tirkennedy/magheracross/drumconnis,Drumconnis
Fermanagh,Newporton,Drumcullion,http://www.townlands.ie/fermanagh/tirkennedy/magheracross/drumcullion,Drumcullion
Fermanagh,Newporton,Drumsloe,http://www.townlands.ie/fermanagh/tirkennedy/magheracross/drumsloe,Drumsloe
Fermanagh,Newporton,Killee,http://www.townlands.ie/fermanagh/tirkennedy/magheracross/killee,Killee
Fermanagh,Newporton,Relagh,http://www.townlands.ie/fermanagh/tirkennedy/magheracross/relagh,Relagh
Fermanagh,Newporton,Tullyrain,http://www.townlands.ie/fermanagh/tirkennedy/magheracross/tullyrain,Tullyrain
Fermanagh,Rockfield_or_Killadeas,Cules_Long,http://www.townlands.ie/fermanagh/lurg/derryvullan-and-islands/cules-long,Cules_Long
Fermanagh,Rockfield_or_Killadeas,Cules_Short,http://www.townlands.ie/fermanagh/lurg/derryvullan-and-islands/cules-short,Cules_Short
Fermanagh,Rockfield_or_Killadeas,Dring,http://www.townlands.ie/fermanagh/lurg/derryvullan-and-islands/dring,Dring
Fermanagh,Rockfield_or_Killadeas,Drumsluice,http://www.townlands.ie/fermanagh/lurg/derryvullan-and-islands/drumsluice,Drumsluice
Fermanagh,Rockfield_or_Killadeas,Gublusk,http://www.townlands.ie/fermanagh/lurg/trory/gublusk,Gublusk
Fermanagh,Rockfield_or_Killadeas,Hay_Island,http://www.townlands.ie/fermanagh/lurg/trory/hay-island,Hay_Island
Fermanagh,Rockfield_or_Killadeas,Horse_Island,http://www.townlands.ie/fermanagh/lurg/derryvullan-and-islands/horse-island,Horse_Island
Fermanagh,Rockfield_or_Killadeas,Inish_Dacharne,http://www.townlands.ie/fermanagh/lurg/derryvullan-and-islands/inish-dacharne,Inish_Dacharne
Fermanagh,Rockfield_or_Killadeas,Inish_Divann,http://www.townlands.ie/fermanagh/lurg/derryvullan-and-islands/inish-divann,Inish_Divann
Fermanagh,Rockfield_or_Killadeas,Inish_Free,http://www.townlands.ie/fermanagh/lurg/trory/inish-free,Inish_Free
Fermanagh,Rockfield_or_Killadeas,Oghill,http://www.townlands.ie/fermanagh/lurg/trory/oghill,Oghill
Fermanagh,Rockfield_or_Killadeas,Paris_Island_Big,http://www.townlands.ie/fermanagh/lurg/trory/paris-island-big,Paris_Island_Big
Fermanagh,Rockfield_or_Killadeas,Paris_Island_Little,http://www.townlands.ie/fermanagh/lurg/trory/paris-island-little,Paris_Island_Little
Fermanagh,Rockfield_or_Killadeas,Rockfield,http://www.townlands.ie/fermanagh/lurg/trory/rockfield,Rockfield
Fermanagh,Rockfield_or_Killadeas,Rossfad,http://www.townlands.ie/fermanagh/lurg/derryvullan-and-islands/rossfad,Rossfad
Fermanagh,Rockfield_or_Killadeas,Tully,http://www.townlands.ie/fermanagh/lurg/trory/tully,Tully
Fermanagh,Tempo,Beagh,http://www.townlands.ie/fermanagh/tirkennedy/enniskillen/beagh,Beagh
Fermanagh,Tempo,Blackhill,http://www.townlands.ie/fermanagh/tirkennedy/enniskillen/blackhill,Blackhill
Fermanagh,Tempo,Bohulkin,http://www.townlands.ie/fermanagh/tirkennedy/enniskillen/bohulkin,Bohulkin
Fermanagh,Tempo,Carn,http://www.townlands.ie/fermanagh/tirkennedy/enniskillen/carn,Carn
Fermanagh,Tempo,Carrownagiltagh,http://www.townlands.ie/fermanagh/tirkennedy/enniskillen/carrownagiltagh,Carrownagiltagh
Fermanagh,Tempo,Coolcran,http://www.townlands.ie/fermanagh/tirkennedy/enniskillen/coolcran,Coolcran
Fermanagh,Tempo,Cullion,http://www.townlands.ie/fermanagh/tirkennedy/enniskillen/cullion,Cullion
Fermanagh,Tempo,Demesne,http://www.townlands.ie/fermanagh/tirkennedy/enniskillen/demesne,Demesne
Fermanagh,Tempo,Derrin,http://www.townlands.ie/fermanagh/tirkennedy/enniskillen/derrin,Derrin
Fermanagh,Tempo,Doon,http://www.townlands.ie/fermanagh/tirkennedy/enniskillen/doon,Doon
Fermanagh,Tempo,Drumkeenragh,http://www.townlands.ie/fermanagh/tirkennedy/enniskillen/drumkeenragh,Drumkeenragh
Fermanagh,Tempo,Killyculla,http://www.townlands.ie/fermanagh/tirkennedy/enniskillen/killyculla,Killyculla
Fermanagh,Tempo,Lettan,http://www.townlands.ie/fermanagh/tirkennedy/enniskillen/lettan,Lettan
Fermanagh,Tempo,Pubble,http://www.townlands.ie/fermanagh/tirkennedy/enniskillen/pubble,Pubble
Fermanagh,Tempo,Tullynaglug,http://www.townlands.ie/fermanagh/tirkennedy/enniskillen/tullynaglug,Tullynaglug
Fermanagh,Tempo,Ummer,http://www.townlands.ie/fermanagh/tirkennedy/enniskillen/ummer,Ummer
Tyrone,Carryglass,Carryglass,http://www.townlands.ie/tyrone/clogher/donacavey/carryglass,Carryglass
Tyrone,Carryglass,Corrashesk,http://www.townlands.ie/tyrone/clogher/donacavey/corrashesk,Corrashesk
Tyrone,Carryglass,Crocknafarbrague,http://www.townlands.ie/tyrone/clogher/donacavey/crocknafarbrague,Crocknafarbrague
Tyrone,Carryglass,Lisconrea,http://www.townlands.ie/tyrone/clogher/donacavey/lisconrea,Lisconrea
Tyrone,Carryglass,Strabane,http://www.townlands.ie/tyrone/clogher/donacavey/strabane,Strabane
Tyrone,Dromore,Aghadarragh,http://www.townlands.ie/tyrone/east-omagh/dromore/aghadaragh,Aghadarragh
Tyrone,Dromore,Aghee,http://www.townlands.ie/tyrone/east-omagh/dromore/aghee,Aghee
Tyrone,Dromore,Curly,http://www.townlands.ie/tyrone/east-omagh/dromore/gurly,Curly
Tyrone,Dromore,Dergany_Maguire,http://www.townlands.ie/tyrone/east-omagh/dromore/dergany1,Dergany_Maguire
Tyrone,Dromore,Drumconnis,http://www.townlands.ie/tyrone/east-omagh/dromore/drumconnis,Drumconnis
Tyrone,Dromore,Drumskinny,http://www.townlands.ie/tyrone/east-omagh/dromore/drumskinny,Drumskinny
Tyrone,Dromore,Esker,http://www.townlands.ie/tyrone/east-omagh/dromore/esker,Esker
Tyrone,Dromore,Kildrum,http://www.townlands.ie/tyrone/east-omagh/dromore/kildrum,Kildrum
Tyrone,Dromore,Magheragart,http://www.townlands.ie/tyrone/east-omagh/dromore/magheragart,Magheragart
Tyrone,Dromore,Magheragart_Donnell,http://www.townlands.ie/tyrone/east-omagh/dromore/magheragart-donnell,Magheragart_Donnell
Tyrone,Dromore,Magheragart_or_Sessiaghs,http://www.townlands.ie/tyrone/east-omagh/dromore/magheragart-or-sessiaghs,Magheragart_or_Sessiaghs
Tyrone,Dromore,Meenagowan,http://www.townlands.ie/tyrone/east-omagh/dromore/meenagowan,Meenagowan
Tyrone,Dromore,Shanmullagh_Glebe,http://www.townlands.ie/tyrone/east-omagh/dromore/shanmullagh-glebe,Shanmullagh_Glebe
Tyrone,Drumharvey,Brackagh,http://www.townlands.ie/tyrone/east-omagh/kilskeery/brackagh,Brackagh
Tyrone,Drumharvey,Cabragh,http://www.townlands.ie/tyrone/east-omagh/kilskeery/cabragh,Cabragh
Tyrone,Drumharvey,Coolback,http://www.townlands.ie/tyrone/east-omagh/kilskeery/coolback,Coolback
Tyrone,Drumharvey,Doogary,http://www.townlands.ie/tyrone/east-omagh/kilskeery/doogary,Doogary
Tyrone,Drumharvey,Drumharvey,http://www.townlands.ie/tyrone/east-omagh/kilskeery/drumharvey,Drumharvey
Tyrone,Drumharvey,Drumsonnus,http://www.townlands.ie/tyrone/east-omagh/kilskeery/drumsonnus,Drumsonnus
Tyrone,Drumharvey,Garvaghy,http://www.townlands.ie/tyrone/east-omagh/kilskeery/garvaghy,Garvaghy
Tyrone,Drumharvey,Killymendon,http://www.townlands.ie/tyrone/east-omagh/kilskeery/killymendon,Killymendon
Tyrone,Drumharvey,Makenny,http://www.townlands.ie/tyrone/east-omagh/kilskeery/makenny,Makenny
Tyrone,Drumharvey,Relagh_Guinness,http://www.townlands.ie/tyrone/east-omagh/kilskeery/relagh-guinness,Relagh_Guinness
Tyrone,Drumharvey,Roscor,http://www.townlands.ie/tyrone/east-omagh/magheracross/roscor,Roscor
Tyrone,Drumharvey,Scallen,http://www.townlands.ie/tyrone/east-omagh/kilskeery/scallen,Scallen
Tyrone,Drumharvey,Shanmullagh_West,http://www.townlands.ie/tyrone/east-omagh/kilskeery/shanmullagh-west,Shanmullagh_West
Tyrone,Drumharvey,Sheridan,http://www.townlands.ie/tyrone/east-omagh/magheracross/sheridan,Sheridan
Tyrone,Drumharvey,Tullywolly,http://www.townlands.ie/tyrone/east-omagh/kilskeery/tullywolly,Tullywolly
Tyrone,Kilskeery,Badoney,http://www.townlands.ie/tyrone/east-omagh/kilskeery/bodoney,Badoney
Tyrone,Kilskeery,Cloncandra_Glebe,http://www.townlands.ie/tyrone/east-omagh/kilskeery/cloncandra-glebe,Cloncandra_Glebe
Tyrone,Kilskeery,Derry,http://www.townlands.ie/tyrone/east-omagh/kilskeery/derry,Derry
Tyrone,Kilskeery,Derryallen,http://www.townlands.ie/tyrone/east-omagh/kilskeery/derryallen,Derryallen
Tyrone,Kilskeery,Derryallen_Glebe,http://www.townlands.ie/tyrone/east-omagh/kilskeery/derryallen-glebe,Derryallen_Glebe
Tyrone,Kilskeery,Derrylea,http://www.townlands.ie/tyrone/east-omagh/kilskeery/derrylea,Derrylea
Tyrone,Kilskeery,Dreigh,http://www.townlands.ie/tyrone/east-omagh/kilskeery/dreigh,Dreigh
Tyrone,Kilskeery,Drumash,http://www.townlands.ie/tyrone/east-omagh/kilskeery/drumash,Drumash
Tyrone,Kilskeery,Drumdran,http://www.townlands.ie/tyrone/east-omagh/kilskeery/drumdran,Drumdran
Tyrone,Kilskeery,Effernan_Glebe,http://www.townlands.ie/tyrone/east-omagh/kilskeery/effernan-glebe,Effernan_Glebe
Tyrone,Kilskeery,Glasmullagh_South,http://www.townlands.ie/tyrone/east-omagh/kilskeery/glasmullagh-south,Glasmullagh_South
Tyrone,Kilskeery,Golan_Glebe,http://www.townlands.ie/tyrone/east-omagh/kilskeery/golan-glebe,Golan_Glebe
Tyrone,Kilskeery,Greenan,http://www.townlands.ie/tyrone/east-omagh/kilskeery/greenan,Greenan
Tyrone,Kilskeery,Kilknock,http://www.townlands.ie/tyrone/east-omagh/kilskeery/kilknock,Kilknock
Tyrone,Kilskeery,Killyblunick_Glebe,http://www.townlands.ie/tyrone/east-omagh/kilskeery/killyblunick-glebe,Killyblunick_Glebe
Tyrone,Kilskeery,Kilskeery_Glebe,http://www.townlands.ie/tyrone/east-omagh/kilskeery/kilskeery-glebe,Kilskeery_Glebe
Tyrone,Kilskeery,Lifford,http://www.townlands.ie/tyrone/east-omagh/kilskeery/lifford,Lifford
Tyrone,Kilskeery,Realtons,http://www.townlands.ie/tyrone/east-omagh/kilskeery/realtons,Realtons
Tyrone,Kilskeery,Relagh,http://www.townlands.ie/tyrone/east-omagh/kilskeery/relagh,Relagh
Tyrone,Kilskeery,Screeby,http://www.townlands.ie/tyrone/east-omagh/kilskeery/screeby,Screeby
Tyrone,Moorfield,Corkhill,http://www.townlands.ie/tyrone/east-omagh/kilskeery/corkhill,Corkhill
Tyrone,Moorfield,Corkragh,http://www.townlands.ie/tyrone/east-omagh/kilskeery/corkragh,Corkragh
Tyrone,Moorfield,Crossan,http://www.townlands.ie/tyrone/east-omagh/kilskeery/crossan,Crossan
Tyrone,Moorfield,Dergany_Neville,http://www.townlands.ie/tyrone/east-omagh/dromore/dergany2,Dergany_Neville
Tyrone,Moorfield,Derrymacanna,http://www.townlands.ie/tyrone/east-omagh/kilskeery/derrymacanna,Derrymacanna
Tyrone,Moorfield,Doocrock,http://www.townlands.ie/tyrone/east-omagh/dromore/doocrock,Doocrock
Tyrone,Moorfield,Drumbinnion,http://www.townlands.ie/tyrone/east-omagh/kilskeery/drumrinnion,Drumbinnion
Tyrone,Moorfield,Feglish,http://www.townlands.ie/tyrone/east-omagh/kilskeery/feglish,Feglish
Tyrone,Moorfield,Ferney,http://www.townlands.ie/tyrone/east-omagh/kilskeery/ferney,Ferney
Tyrone,Moorfield,Hackincon,http://www.townlands.ie/tyrone/east-omagh/kilskeery/hackincon,Hackincon
Tyrone,Moorfield,Kinine,http://www.townlands.ie/tyrone/east-omagh/kilskeery/kinine,Kinine
Tyrone,Moorfield,Knocknagor,http://www.townlands.ie/tyrone/east-omagh/kilskeery/knocknagor,Knocknagor
Tyrone,Moorfield,Lettergash,http://www.townlands.ie/tyrone/east-omagh/dromore/lettergash,Lettergash
Tyrone,Moorfield,Lisdoo,http://www.townlands.ie/tyrone/east-omagh/kilskeery/lisdoo,Lisdoo
Tyrone,Moorfield,Lisnahanna,http://www.townlands.ie/tyrone/east-omagh/kilskeery/lisnahanna,Lisnahanna
Tyrone,Moorfield,Loughterush,http://www.townlands.ie/tyrone/east-omagh/kilskeery/loughierush,Loughterush
Tyrone,Moorfield,Meeltogues,http://www.townlands.ie/tyrone/east-omagh/kilskeery/meeltogues,Meeltogues
Tyrone,Moorfield,Moorfield,http://www.townlands.ie/tyrone/east-omagh/kilskeery/moorfield,Moorfield
Tyrone,Moorfield,Stralongford,http://www.townlands.ie/tyrone/east-omagh/kilskeery/stralongford,Stralongford
Tyrone,Moorfield,Tullymagough,http://www.townlands.ie/tyrone/east-omagh/dromore/tullymagough,Tullymagough
Tyrone,Moorfield,Tullynincrin,http://www.townlands.ie/tyrone/east-omagh/kilskeery/tullynincrin,Tullynincrin
Tyrone,Moorfield,Tullywee,http://www.townlands.ie/tyrone/east-omagh/dromore/tullywee,Tullywee
Tyrone,Moorfield,Tummery,http://www.townlands.ie/tyrone/east-omagh/dromore/tummery,Tummery
Tyrone,Trillick,Ballyard,http://www.townlands.ie/tyrone/east-omagh/kilskeery/ballyard,Ballyard
Tyrone,Trillick,Carran,http://www.townlands.ie/tyrone/east-omagh/kilskeery/carran,Carran
Tyrone,Trillick,Cordromedy,http://www.townlands.ie/tyrone/east-omagh/kilskeery/cordromedy,Cordromedy
Tyrone,Trillick,Dernagilly,http://www.townlands.ie/tyrone/east-omagh/kilskeery/dernagilly,Dernagilly
Tyrone,Trillick,Drumardnagross,http://www.townlands.ie/tyrone/east-omagh/kilskeery/drumardnagross,Drumardnagross
Tyrone,Trillick,Galbally,http://www.townlands.ie/tyrone/east-omagh/dromore/galbally,Galbally
Tyrone,Trillick,Gargadis,http://www.townlands.ie/tyrone/east-omagh/kilskeery/gargadic,Gargadis
Tyrone,Trillick,Glassmullagh_North,http://www.townlands.ie/tyrone/east-omagh/kilskeery/glasmullagh-north,Glassmullagh_North
Tyrone,Trillick,Keenogue,http://www.townlands.ie/tyrone/east-omagh/kilskeery/keenogue,Keenogue
Tyrone,Trillick,Killyfuddy,http://www.townlands.ie/tyrone/east-omagh/kilskeery/killyfuddy,Killyfuddy
Tyrone,Trillick,Magheralough,http://www.townlands.ie/tyrone/east-omagh/kilskeery/magheralough,Magheralough
Tyrone,Trillick,Moneygar,http://www.townlands.ie/tyrone/east-omagh/kilskeery/moneygar-road,Moneygar
Tyrone,Trillick,Skeogue,http://www.townlands.ie/tyrone/east-omagh/dromore/skeogue,Skeogue
Tyrone,Trillick,Stranagummer,http://www.townlands.ie/tyrone/east-omagh/kilskeery/stranagummer,Stranagummer
Tyrone,Tullyclunagh,Cornamucklagh,http://www.townlands.ie/tyrone/east-omagh/dromore/cornamucklagh,Cornamucklagh
Tyrone,Tullyclunagh,Coyagh,http://www.townlands.ie/tyrone/east-omagh/dromore/coyagh,Coyagh
Tyrone,Tullyclunagh,Coyagh_Glebe,http://www.townlands.ie/tyrone/east-omagh/dromore/coyagh-glebe,Coyagh_Glebe
Tyrone,Tullyclunagh,Cranny,http://www.townlands.ie/tyrone/east-omagh/dromore/cranny,Cranny
Tyrone,Tullyclunagh,Glengeen,http://www.townlands.ie/tyrone/east-omagh/dromore/glengren,Glengeen
Tyrone,Tullyclunagh,Meenagar,http://www.townlands.ie/tyrone/east-omagh/dromore/meenagar,Meenagar
Tyrone,Tullyclunagh,Rahony,http://www.townlands.ie/tyrone/east-omagh/dromore/rahony,Rahony
Tyrone,Tullyclunagh,Tattycor,http://www.townlands.ie/tyrone/east-omagh/dromore/tattycor,Tattycor
Tyrone,Tullyclunagh,Tullyclunagh,http://www.townlands.ie/tyrone/east-omagh/dromore/tullyclunagh,Tullyclunagh